526-55-3822,Ford,integer non,Taurus,1999,3664.31,0
509-91-9159,Saturn,nulla,Ion,2004,4870.52,82
813-38-4498,BMW,sed,M5,2007,7197.66,75
926-76-2810,Pontiac,imperdiet sapien,Bonneville,1968,843.1,36
609-99-1363,Chrysler,in,Pacifica,2005,6933.68,1
"","a","a","a",0,6.72623e-44,721,
"a","a","a","a",5,1,1,
504-08-3557,GMC,in libero,Jimmy,1992,2936.12,58
550-66-0854,Saab,nascetur ridiculus,9000,1998,370.1,46
159-09-2983,Acura,amet sapien,Integra,1992,8115.4,41
588-33-7400,Porsche,accumsan tortor,911,2006,3064.01,13
852-03-8053,Chevrolet,convallis,Avalanche,2010,4931.9,74
612-90-3678,Ford,augue,GT500,2009,9707.83,46
188-43-4991,Dodge,vulputate,Ram 3500,2005,1202.16,25
051-30-7966,Nissan,rhoncus,Maxima,1998,3402.98,23
538-14-8443,Toyota,vel lectus,Avalon,1995,6228.38,41
457-59-9421,Dodge,nonummy maecenas,Grand Caravan,2006,3358.34,75
660-43-2206,GMC,sollicitudin ut,Savana 3500,2006,2642.14,43
229-30-0350,Mitsubishi,nulla,Eclipse,2004,3498.11,36
978-77-7554,Audi,ultrices mattis,Q5,2009,3637.55,14
462-88-3371,Nissan,tellus,Leaf,2011,2456.88,61
285-70-3187,Toyota,vitae ipsum,Tundra,2006,6935.49,20
001-87-5992,Kia,nibh,Sportage,1997,3833.99,16
879-38-3155,Chevrolet,quisque,Colorado,2009,9303.58,10
131-00-9364,Toyota,sit,Avalon,2003,6737.49,78
833-10-6253,Volvo,a odio,940,1995,7777.94,3
153-10-4598,Ford,nulla neque,Taurus,1994,1047.51,27
416-76-4537,Ford,tempus,Explorer,2008,6061.85,35
467-49-9626,Chevrolet,praesent lectus,Suburban 1500,2010,2009.24,10
278-98-0202,Volvo,vestibulum,XC90,2005,9261.04,88
491-98-7626,Volkswagen,consectetuer,GTI,1998,7805.7,10
981-83-2455,Dodge,integer,Dakota,2002,2517.23,22
417-75-3719,Ford,fusce,F350,2005,6233.8,99
531-14-1466,Toyota,nisl duis,Tacoma,1999,2434.13,95
920-54-1370,Isuzu,tempus,Rodeo,2000,1563.19,82
611-22-9682,Mazda,elit,MX-6,1989,6342.39,40
703-21-3767,Chevrolet,tristique,Corvette,1978,1254.35,22
943-95-2494,GMC,at,2500 Club Coupe,1996,8529.13,52
772-50-6557,Eagle,curae nulla,Summit,1993,8138.9,5
409-02-1373,Pontiac,duis,LeMans,1989,4354.51,35
824-71-4627,Bugatti,ut erat,Veyron,2011,1591.67,96
541-72-9004,Honda,dictumst,Accord,2012,7358.51,65
700-22-9288,Hyundai,velit,Elantra,2000,1857.73,56
535-96-2355,Subaru,justo maecenas,Baja,2003,3348.78,38
117-63-9986,Audi,odio,Q7,2008,8080.83,48
841-15-2560,Infiniti,sit,G25,2011,1219.08,68
630-41-1149,Audi,ut,A8,1999,3087.81,26
270-70-0227,Dodge,tortor quis,Spirit,1995,4516.22,2
990-77-8237,Lincoln,placerat,Town Car,1994,3751.18,50
929-13-6546,Porsche,eu,Cayenne,2013,3735.05,10
970-11-6911,Lexus,pulvinar nulla,ES,2009,1051.37,95
388-04-0354,Smart,ultrices,Fortwo,2008,8205.3,59
807-08-4367,Aptera,sit,Type-1h,2010,8091.66,26
817-71-9454,Chevrolet,id consequat,Sportvan G20,1992,9429.5,78
481-84-1063,GMC,ante,Savana Cargo Van,2006,4551.44,100
998-30-9126,Volvo,in,S40,2007,7900.21,86
429-67-7337,Dodge,fusce posuere,Ram 2500,1995,67.27,79
353-01-2805,Holden,mattis,VS Commodore,1995,9866.33,63
054-87-6248,Ford,arcu,Explorer,1999,711.44,25
030-04-0223,Nissan,odio,Sentra,2010,6154.31,82
219-48-4212,Porsche,tortor risus,911,1997,3592.53,22
970-57-8522,Chevrolet,mollis molestie,Malibu,2010,6669.14,6
976-58-1809,Chevrolet,nullam,Suburban 1500,1992,5529.54,80
881-16-3642,Chevrolet,pede,Corvette,1968,9252.77,62
413-09-0168,Dodge,porttitor,Dakota Club,1997,6831.67,63
278-23-8880,Nissan,sed ante,Datsun/Nissan Z-car,1990,6216.54,58
229-33-4533,Ford,pellentesque,Thunderbird,2003,9426.23,62
678-67-7770,Buick,a,Park Avenue,1995,8773.93,60
273-31-4772,Land Rover,cubilia curae,Discovery,2007,5257.71,9
793-98-7924,Mazda,eget orci,Tribute,2002,8111.37,92
667-43-7529,Ford,cras mi,Expedition,2001,6181.09,9
619-71-0946,Volkswagen,ut,Jetta,1988,6135.5,59
651-00-7375,Mitsubishi,ligula sit,Truck,1996,9460.29,95
396-42-7655,Ford,nunc nisl,Escape,2009,2011.59,23
717-43-6628,Pontiac,consequat,G5,2007,3399.15,48
355-12-8318,Oldsmobile,aliquet,LSS,1997,3840.27,35
381-64-4221,Volkswagen,varius,rio,2000,3486.06,11
625-24-7671,BMW,eros,5 Series,1999,7737.49,12
926-44-4880,Dodge,scelerisque,Dakota,2001,4098.92,10
137-45-1790,Suzuki,quam suspendisse,Vitara,2002,1019.56,93
924-45-3277,Plymouth,rutrum,Laser,1991,9415.68,46
704-62-5940,Oldsmobile,accumsan,Cutlass,1998,6450.1,7
287-22-3937,GMC,sem praesent,Canyon,2009,8972.69,54
698-25-5667,Honda,duis bibendum,CR-V,2009,7734.74,48
602-53-1783,Chevrolet,turpis,Tahoe,2013,7154.33,64
519-21-4209,GMC,ipsum,Yukon,2000,4145.35,41
573-78-0692,Ford,mus,Explorer,2006,2785.96,73
930-67-2365,GMC,pede,Vandura 3500,1992,4189.44,86
945-67-5181,Nissan,in,NV1500,2012,4221.17,29
790-01-9443,Chevrolet,metus,Tahoe,2006,297.16,93
024-92-4072,Oldsmobile,erat,Bravada,1998,8596.43,13
147-94-3397,Buick,vulputate,LeSabre,1994,7135.3,32
079-37-5992,Buick,id turpis,Riviera,1997,3547.6,52
072-65-9784,Volvo,id justo,S80,2009,1190.24,10
016-08-4225,Dodge,orci vehicula,Ram Van 3500,1995,9417.43,72
258-83-7532,Infiniti,blandit,QX,2009,3260.63,96
375-75-5846,Lexus,dui maecenas,LS,1993,162.14,87
a,a,a,a,1,1,1
