id,first_name,last_name,cellphone
1,Jenni,Ropars,22.172.13.110
2,Faith,Vyvyan,93.247.88.47
3,Brewer,Frensche,145.203.70.216
4,Lynnette,Prescote,6.242.149.201
5,Fallon,Stockings,65.5.2.142
6,Padraig,McKue,153.17.62.66
7,Cornall,MacPaden,105.242.224.86
8,Darsey,Wiggans,252.236.235.187
9,Dredi,Krishtopaittis,95.28.4.114
10,Daniele,Comerford,152.68.219.84
11,Tynan,Ponton,174.215.3.107
12,Von,Mack,40.14.82.79
13,Randall,Summerson,55.168.212.234
14,Ina,Athelstan,103.94.152.125
15,Courtnay,Lindgren,90.175.42.166
16,Bridget,Chantler,54.67.223.212
17,Nikolia,Lay,46.97.85.6
18,Mikaela,Bosden,177.202.23.221
19,Pansie,Groombridge,29.77.85.13
20,Ofilia,Siaskowski,81.88.151.227
21,Carmina,Gyford,158.48.104.212
22,Jerrie,Stuckow,122.48.167.146
23,Maiga,Gringley,89.58.10.16
24,Cordi,Hinkensen,14.89.248.237
25,Garrett,Applebee,33.21.93.121
26,Matilda,Gowar,219.251.83.170
27,Ginelle,Di Frisco,43.136.86.182
28,Salomone,Rozzell,30.43.62.42
29,Yanaton,Toffoloni,102.114.143.229
30,Albie,Timlin,253.8.131.61
31,Kaitlin,Braams,154.156.166.177
32,Nikolos,Haldin,135.185.192.235
33,Elroy,Bursnell,79.15.32.67
34,Patience,Dye,188.30.30.198
35,Kermie,Petrozzi,39.137.76.31
36,Tammy,Trahar,149.111.34.253
37,Maggie,Mandrier,36.32.214.205
38,Xena,Gartsyde,236.217.251.176
39,Evan,Vickarman,242.75.65.166
40,Hasty,Gerkens,132.33.78.133
41,Ondrea,Minghella,93.67.236.114
42,Xymenes,Knatt,117.37.252.57
43,Casey,Baunton,227.55.87.34
44,Lorrie,Kovelmann,147.237.237.230
45,Martino,Ferrer,145.207.231.157
46,Ingmar,Geary,86.186.43.100
47,Zacherie,Meneer,175.85.119.216
48,Sheffield,Keme,78.181.156.112
49,Halie,Duckitt,119.210.160.180
50,Andros,Pittam,120.152.164.84
51,Sherill,Jaray,100.218.197.163
52,Edi,Clerc,128.252.53.89
53,Shaw,Filipov,27.206.26.229
54,Giles,Gilyatt,46.105.212.181
55,Giles,Sharrard,28.177.75.184
56,Ambur,Sinnat,114.143.53.141
57,Dennis,Pollicatt,14.191.231.253
58,Blake,McGeoch,167.105.122.30
59,Milt,Follin,245.250.52.86
60,Richie,Winspear,2.112.67.58
61,Boonie,Allwright,57.88.86.225
62,Mel,Parkman,23.170.2.9
63,Raquel,Clingan,231.210.240.54
64,Bessy,Loach,205.248.130.140
65,Nicholle,Pellew,195.204.81.115
66,Emeline,Matyugin,219.84.101.203
67,Jillie,McGookin,150.220.69.150
68,Else,Newlove,234.197.171.170
69,Sebastien,Ulrik,144.199.180.204
70,Arabel,Pettican,152.7.18.213
71,Babita,Hothersall,184.246.126.141
72,Marlowe,Lewsie,221.174.139.56
73,Carmel,Stanyard,233.155.113.93
74,Beverie,Doniso,22.80.104.10
75,Mickie,Zamorano,72.200.23.67
76,Bren,MacPeice,249.249.153.228
77,Caty,Le Floch,186.6.42.242
78,Evelin,Grime,84.180.222.92
79,Umeko,Riche,16.248.117.13
80,Suzette,Grimbleby,226.49.41.192
81,Ingaborg,Cavee,160.152.67.147
82,Katherine,Shaul,184.45.156.248
83,Kyrstin,Rosling,158.147.76.67
84,Regine,Miranda,253.192.151.146
85,Helen-elizabeth,Beckford,175.169.56.199
86,Davine,Bonn,239.160.163.209
87,Kandace,Andreucci,145.76.122.227
88,Rowena,Tock,160.136.129.174
89,Erinn,Yakebowitch,70.148.85.145
90,Melantha,Tiddeman,56.94.110.215
91,Valry,Chaplyn,227.141.20.28
92,Eleonora,Bendelow,67.179.151.201
93,Gris,Lill,55.189.195.179
94,Alic,Tenby,195.224.67.167
95,Joy,Snoday,253.228.111.53
96,Sadie,Root,245.104.122.84
97,Iseabal,Dymoke,200.91.34.178
98,Caprice,Fassan,147.177.231.202
99,Kynthia,Tarr,147.149.6.38
100,Darryl,Pren,41.5.16.13
101,Rozele,Jentin,192.140.114.111
102,Ingamar,Tieraney,25.244.132.138
103,De witt,McKomb,233.233.17.89
104,Kalinda,Duding,75.208.91.32
105,Hally,Kayley,159.132.241.218
106,Ursuline,Sphinxe,93.147.212.231
107,Ann-marie,Moreno,108.54.177.64
108,Margy,Bilby,83.217.226.64
109,Lorne,Feltoe,21.243.187.0
110,Crawford,Bridgewater,178.126.68.36
111,Welby,Crabb,130.193.48.221
112,Morissa,Swinglehurst,211.213.46.155
113,Arvin,Yandle,97.106.72.159
114,Dory,Zamora,100.55.239.99
115,Bev,Cornejo,15.24.44.108
116,Cody,Spykings,217.246.143.56
117,Esteban,Necolds,109.63.61.59
118,Reece,Wardhaugh,113.14.176.86
119,Carol-jean,Hue,77.83.16.63
120,Jill,Sebastian,148.142.104.178
121,Marris,Wealthall,125.6.227.5
122,Bruce,Dachey,11.166.230.141
123,Ezmeralda,Rudsdale,93.194.142.36
124,Denni,Chalmers,207.200.251.167
125,Florie,Whal,83.215.14.124
126,Marya,Dace,176.186.206.35
127,Georgy,Lie,246.40.21.156
128,Evy,Alner,209.217.183.248
129,Fayre,Dominighi,29.131.5.107
130,Tina,Vinden,74.90.22.88
131,Louie,Lympany,68.210.129.11
132,Aimil,Britch,155.100.231.53
133,Virgina,Wolfenden,154.44.128.97
134,August,Mulkerrins,47.217.37.31
135,Tamara,Scaddon,125.97.128.184
136,Sansone,Muffin,147.145.119.100
137,Farlie,Conyers,167.200.105.36
138,Danny,Teodoro,141.159.47.66
139,Jeanna,Caudwell,31.222.188.229
140,Jaime,Blackwell,12.52.179.48
141,Wiley,Dwelly,64.123.222.110
142,Gannon,Hayers,64.203.128.129
143,Loreen,Hoogendorp,14.204.239.145
144,Kendra,Eunson,104.204.16.142
145,Lucilia,Pyecroft,245.205.214.40
146,Sybille,Blodg,244.183.72.30
147,Rouvin,Folger,172.56.245.154
148,Liva,Thursby,128.60.63.203
149,Martina,Semour,163.6.69.145
150,Netty,John,146.146.218.218
151,Jenica,Grasner,103.115.66.20
152,Corry,Karpman,29.177.58.116
153,Neilla,McCulloch,239.30.138.54
154,Emiline,Zorer,205.128.149.79
155,Chelsey,Woolvett,150.60.141.76
156,Leilah,Powles,90.4.143.44
157,Ethelin,Assante,190.76.42.221
158,Zia,Stanlack,210.152.232.117
159,Dex,Phippen,253.79.96.220
160,Morse,Gallo,137.217.224.74
161,Gerianne,Fawdry,53.219.2.128
162,Goldarina,Falconer-Taylor,193.180.66.235
163,Markus,Pattlel,7.39.205.199
164,Jammie,Stollwerk,253.59.126.125
165,Georgi,Stailey,105.130.225.132
166,Tabbie,Scobie,184.20.255.35
167,Rhea,Pedgrift,32.239.197.218
168,Scottie,Saing,3.254.183.84
169,Adelice,Casely,130.42.35.108
170,Hallsy,Lemasney,169.143.48.83
171,Artur,Somers,38.220.95.116
172,Abbe,Rolfi,221.149.104.104
173,Maitilde,Britch,44.110.225.141
174,Danette,Carine,102.195.219.24
175,Netty,Pimlott,67.55.204.172
176,Zack,Archard,119.175.142.148
177,Hans,Landrean,50.94.133.31
178,Barth,Leyfield,152.166.38.214
179,Dacia,Cornbell,118.9.251.60
180,Mark,Gradon,14.45.133.41
181,Latashia,Sellan,185.208.234.24
182,Rafa,Shilliday,244.50.144.226
183,Constantin,Mynard,154.208.145.174
184,Josh,Walworche,228.142.102.115
185,Filbert,Hayth,200.49.230.41
186,Genny,Fillimore,168.234.246.127
187,Dex,Martinovsky,135.6.4.51
188,Jerad,Human,62.68.229.216
189,Ronda,Bartolomeoni,177.61.60.191
190,Andreana,Hartmann,42.16.136.115
191,Madel,Skae,191.187.209.103
192,Kiersten,Cota,113.190.71.203
193,Gardie,Pickvance,16.38.71.60
194,Westbrooke,Wookey,29.59.169.22
195,Joleen,Mateja,165.239.188.216
196,Guillermo,Heinle,13.150.85.33
197,Tiff,Tustin,134.76.245.38
198,Lem,Merman,244.230.151.138
199,Alexandros,Storck,240.227.227.25
200,Dietrich,Caldaro,1.147.59.24
201,Rodie,Clayal,230.221.119.85
202,Osmund,Artz,239.244.180.96
203,Alysia,Roskelley,178.32.119.207
204,Nerta,Ince,35.173.244.18
205,Niki,Ivatts,49.87.183.213
206,Ignacio,Stockow,198.233.89.77
207,Adele,Lovelock,126.131.18.161
208,Austin,Gilcriest,244.162.71.73
209,Rahal,Wilde,18.182.49.27
210,Mallissa,Hainsworth,119.34.133.247
211,Nickolas,Alldread,124.218.6.127
212,Geralda,Arno,114.247.123.207
213,Merrily,Hambling,180.197.142.138
214,Carline,Zannolli,33.237.26.193
215,Dukie,Summerson,243.171.138.48
216,Leupold,Juniper,190.126.158.132
217,Kiele,Stoppard,237.105.172.109
218,Yorgos,Chawner,167.164.13.3
219,Leila,Safont,231.9.199.152
220,Inger,Yakunkin,166.40.12.247
221,Aurthur,Crosetti,68.32.136.91
222,Roana,Mougenel,17.240.55.15
223,Juieta,Stayte,193.170.25.12
224,Nari,Eim,161.159.86.53
225,Cam,Sterling,1.5.89.150
226,Pate,Clemendet,253.36.54.162
227,Benedetta,Espinel,73.239.195.38
228,Harrietta,Garvey,223.56.19.195
229,Maggee,Longbone,190.250.251.164
230,Joyann,Echelle,30.67.231.111
231,Susy,Widdall,30.71.193.195
232,Jackson,Grasner,67.105.116.14
233,Bartolomeo,Jordeson,235.223.112.248
234,Kelsy,Dicke,255.149.236.152
235,Dyana,Artus,211.157.114.194
236,Caria,Di Pietro,63.104.50.119
237,Maximilien,Bridge,37.42.222.161
238,Matthew,Silkston,140.171.0.233
239,Joletta,Render,204.93.254.129
240,Marsh,Didball,243.151.4.192
241,Tedi,Gadeaux,123.3.27.241
242,Shanie,Sevin,120.237.238.206
243,Bail,Westraw,19.224.124.136
244,Valli,Armell,143.43.230.191
245,Cam,Caplin,52.91.251.63
246,Burgess,Noorwood,242.44.66.95
247,Karleen,Fussen,135.79.208.202
248,Horatia,Jeffels,204.196.243.86
249,Sherrie,Dyster,97.183.65.144
250,Juan,Candey,93.41.222.156
251,Savina,Mityukov,18.134.225.156
252,Janelle,Elix,59.99.25.173
253,Ali,Comiskey,21.45.172.35
254,Constantino,Jezzard,240.136.73.29
255,Viv,Rideout,25.86.137.186
256,Libbey,Kondratowicz,90.71.5.174
257,Terrel,Twiddle,101.179.181.52
258,Clem,Mallender,17.162.195.90
259,Rafaellle,Hardy,142.215.94.216
260,Edith,Seiffert,75.29.125.117
261,Derwin,Mongenot,47.185.211.170
262,Merell,Shackel,99.142.240.38
263,Junina,Hornbuckle,32.8.35.58
264,Ange,Giovannetti,208.86.255.69
265,Dona,Farlambe,218.48.159.92
266,Yvon,Forsbey,221.75.160.226
267,Elsa,Cluse,166.192.153.144
268,Jacquenetta,Formoy,239.134.165.230
269,Roth,Crimpe,166.7.220.182
270,Florella,Blackborne,144.230.176.75
271,Ives,Macak,40.230.103.26
272,Byran,Beharrell,66.119.120.131
273,Domenico,Cavnor,100.99.213.7
274,Gratia,Yurshev,25.119.135.102
275,Blisse,Chasen,60.242.79.104
276,Eugen,Bool,143.78.110.2
277,Elfreda,Napoli,184.29.101.190
278,Sidney,Tomsen,83.203.33.220
279,Cookie,Palin,170.11.175.204
280,Shamus,Smallman,69.81.1.244
281,Mickey,Broadbridge,60.215.188.164
282,Emlyn,Claibourn,255.97.92.221
283,Steffie,Gunbie,213.78.37.181
284,Sue,Rosbrough,15.177.39.14
285,Elijah,Dallemore,204.254.152.6
286,Broderic,Reeme,127.177.134.129
287,Anitra,Braham,41.19.122.103
288,Quintilla,Embury,213.6.238.51
289,Keenan,Stockford,234.110.197.122
290,Glyn,Sloper,218.214.101.179
291,Evelina,Wallbanks,211.29.88.36
292,Tressa,Banasik,163.52.161.176
293,Tabby,McGuffog,186.103.52.145
294,Claudie,Tomasi,131.93.36.149
295,Moritz,Flintuff,177.172.25.190
296,Florina,Kryska,68.123.136.167
297,Rahel,Carverhill,100.237.78.115
298,Winslow,cornhill,146.165.142.138
299,Ulberto,Helks,60.95.184.157
300,Brent,Skevington,118.113.241.183
301,Chicky,Jerzak,226.131.253.103
302,Meara,Endley,97.37.236.255
303,Shane,Klimaszewski,139.121.237.129
304,Emalia,Heighway,197.82.180.89
305,Nicolais,Rosita,172.201.21.66
306,Lacey,Peacock,138.228.133.200
307,Meghann,Camamill,118.205.204.255
308,Frasier,McIlhatton,73.213.199.88
309,Barnebas,Thowless,182.6.24.220
310,Shea,Toy,234.244.63.23
311,Pamela,Feavyour,157.130.8.216
312,Nancee,Pellamonuten,43.233.76.46
313,Adelheid,Timson,195.174.82.22
314,Janis,Joscelyn,96.155.45.0
315,Cirilo,O Mullen,254.156.147.243
316,Jere,Gentry,19.196.128.204
317,Dareen,Kasbye,74.208.215.184
318,Putnam,Coggeshall,208.57.180.29
319,Fiorenze,Pretsel,189.79.179.117
320,Vera,Matantsev,75.164.215.194
321,Garvey,Wellbeloved,121.13.8.213
322,Marcellus,Brogi,53.94.103.35
323,Mauricio,De Caville,223.222.15.225
324,Justen,Flippini,156.246.241.167
325,Kayley,Gregg,204.208.65.168
326,Nichole,Elliff,211.32.155.112
327,Audra,Stannard,43.190.231.235
328,Merilyn,Westby,105.77.194.184
329,Tessie,Rosser,23.161.143.69
330,Kally,Stopforth,149.79.118.58
331,Audy,Dayton,68.55.112.199
332,Berti,Haggith,189.135.72.165
333,Carmine,Hansell,140.201.120.171
334,Hillary,Paige,191.21.141.139
335,Broderick,Stollman,133.78.49.221
336,Bud,Best,190.29.228.236
337,Francene,Renyard,96.87.10.130
338,Marshal,Scholtis,162.179.176.134
339,Janna,Fawcus,221.166.156.191
340,Ermentrude,Delea,85.209.126.196
341,Jaime,Sibbs,115.203.214.250
342,Odie,Bewicke,239.179.159.43
343,Dewitt,Samweyes,99.115.168.66
344,Lyndsay,Morshead,140.122.171.18
345,Genevieve,Cayle,197.46.142.126
346,Mamie,Whoston,53.235.8.212
347,Merilyn,Petyakov,253.198.255.196
348,Chrissy,Haycox,80.219.189.71
349,Melba,Wortman,3.25.108.138
350,Tracie,Ostick,194.29.27.226
351,Nollie,Pessold,248.52.124.178
352,Debera,Summerskill,246.239.128.87
353,Thomasina,Featherstonehaugh,128.2.202.15
354,Aggie,Sedman,222.146.85.184
355,Jo,Pummell,163.175.126.57
356,Randa,Rawsthorne,178.94.203.170
357,Rosalynd,Flieger,83.41.198.92
358,Alyce,Mulles,168.139.62.115
359,Marlyn,Locarno,76.7.223.142
360,Sydel,Richin,179.248.139.17
361,Hughie,Philbrick,212.184.154.69
362,Corene,Tobias,94.110.22.203
363,Whittaker,Terren,142.110.191.107
364,Cele,Domek,196.123.178.143
365,Lorilyn,Broxup,152.220.17.142
366,Antoinette,McMurtyr,134.152.67.75
367,Alric,Oldacres,208.149.121.119
368,Alina,Kinleyside,132.193.164.44
369,Pepe,Parkhouse,23.17.97.209
370,Elizabeth,Bierling,157.187.172.179
371,Carmelia,Mariyushkin,156.218.249.222
372,Kim,Merveille,141.130.164.254
373,Aveline,Filipowicz,5.200.83.202
374,Sabra,Stoneman,158.16.78.194
375,Chrissie,Yo,204.197.93.212
376,Jana,Glasper,46.217.203.88
377,Florrie,Vreiberg,174.239.48.248
378,Charmine,Makey,211.17.46.240
379,Sergent,Grcic,101.113.172.230
380,Amandie,Chesnut,6.47.169.30
381,Alissa,Hartless,31.228.240.118
382,Llewellyn,Heakey,235.186.5.32
383,Hilton,Rozalski,71.35.40.141
384,Susie,Hafford,113.138.45.115
385,Joela,Peasegod,42.179.3.57
386,Man,Coard,50.168.130.202
387,Filberto,Beevors,189.32.143.41
388,Talyah,Flewan,40.72.230.204
389,Jasper,McBrady,188.167.181.5
390,Bondon,Gunner,194.28.198.198
391,Marion,Westfalen,238.121.102.90
392,Hazel,Churches,249.148.96.205
393,Boote,Alldis,230.75.113.10
394,Bernetta,Heiden,235.159.208.225
395,Willard,McMyler,243.232.121.34
396,Daffy,Erdes,7.118.80.130
397,Debora,Hallowes,131.121.24.17
398,Thomasina,Tomankiewicz,116.53.204.160
399,Skell,Tranter,64.118.61.111
400,Barri,Haggerston,205.143.130.213
401,Aluin,Olenikov,249.7.29.20
402,Kareem,Beswick,155.151.109.142
403,Marcy,Cianelli,227.17.20.33
404,Flem,Koene,141.55.167.101
405,Weidar,Mizen,105.229.130.168
406,Donnamarie,Blackie,82.100.144.28
407,Teodora,Nutting,224.80.198.22
408,Amalia,Featherstone,183.113.165.118
409,Sancho,Jeffries,238.86.0.33
410,Rafaelita,MacGrath,174.83.37.150
411,Desmond,O'Carroll,41.71.75.230
412,Sayre,Munday,173.195.162.159
413,Neysa,Binney,17.228.44.171
414,Kora,Chesswas,100.0.107.106
415,Jeannette,Alpes,167.164.51.222
416,Mikol,Labrenz,219.223.56.84
417,Linnea,Carver,237.185.180.117
418,Catherine,Niche,192.201.9.38
419,Berne,Daughtery,97.97.93.24
420,Keith,Lawty,129.67.80.92
421,Lynett,Stollman,173.242.162.78
422,Etti,Castangia,177.159.207.101
423,Felice,Leither,21.194.87.40
424,Nickolai,Chattey,155.110.148.164
425,Veronique,Di Biagi,174.223.9.135
426,Jania,Diack,30.183.175.207
427,Lilllie,Kenworth,194.23.5.174
428,Grady,Schwier,74.143.82.2
429,Sonnnie,Bradbrook,106.119.74.204
430,Shirlee,Matchell,25.240.150.3
431,Mela,Adlington,37.25.251.177
432,Grady,McCalister,124.51.1.76
433,Amery,Wabey,178.33.209.74
434,Anette,Broxup,70.131.198.194
435,Barbara,Pinnigar,62.53.164.122
436,Sam,Di Boldi,150.226.99.81
437,Martguerita,Chittim,237.189.229.226
438,Poppy,Hamill,13.252.44.71
439,Brietta,Mityushkin,199.58.122.83
440,Leona,Dockwra,179.57.20.20
441,Allin,Gallimore,162.36.68.154
442,Christoffer,Cudby,18.220.202.180
443,Salmon,Pullman,78.76.77.55
444,Daisi,Leopard,6.141.50.137
445,Zeke,Armatage,110.67.192.9
446,Isidore,Ziemsen,249.219.199.74
447,Franny,Arnholtz,42.158.45.148
448,Xylia,Metcalf,47.215.123.62
449,Cornie,Nannetti,140.161.235.34
450,Arel,Missenden,171.205.247.46
451,Ferrell,Hundall,209.105.247.62
452,Jolynn,Leindecker,200.181.137.37
453,Venita,Sopp,43.130.195.88
454,Umeko,Mitchener,150.104.163.34
455,Latashia,Eliasen,220.57.149.19
456,Rivalee,Gibbett,111.114.247.86
457,Derron,Twells,196.199.167.88
458,Ruperto,Mollatt,106.31.26.20
459,Katherina,Trassler,158.44.252.92
460,Kassia,Balassi,254.201.24.23
461,Hollie,Dennehy,9.217.219.78
462,Edgard,Drewell,223.98.251.86
463,Alecia,Phizackarley,34.160.61.210
464,Lanette,Tregenna,157.84.83.48
465,Clevey,Clackson,209.221.246.77
466,Barney,Besset,244.127.86.44
467,Adolf,Espie,221.127.219.211
468,Katina,Baudet,128.151.122.216
469,Patty,Arkcoll,236.112.88.216
470,Gerard,Haste,17.219.40.86
471,Bale,Bagworth,215.214.161.55
472,Hanson,O'Heagertie,187.155.31.40
473,Lonny,Margerrison,151.198.145.125
474,Ricky,Fillis,42.231.172.156
475,Corbet,Willarton,36.112.117.74
476,Perri,Brettel,59.159.205.31
477,Alano,Gabler,137.191.43.57
478,Nikolia,Serrell,150.158.240.90
479,Darcee,Embra,11.180.247.37
480,Datha,Dudin,59.251.94.79
481,Manya,Challoner,73.9.182.93
482,Arlina,Petrichat,51.78.79.71
483,Stacee,Elliston,130.233.23.252
484,Rhea,Budcock,128.31.132.157
485,Emile,Clapson,68.199.189.35
486,Willi,Kubiak,151.233.218.106
487,Muffin,Branscombe,98.32.167.246
488,Tillie,Roglieri,186.131.130.202
489,Merla,Kisbee,82.133.105.158
490,Coretta,Lindhe,223.15.225.168
491,Hedwiga,Hasely,98.3.211.115
492,Tucker,Hewins,221.174.27.61
493,Robers,Presley,74.239.201.214
494,Hailey,Graeser,118.171.215.150
495,Heloise,Whalebelly,141.41.196.176
496,Aubine,Everal,93.71.223.59
497,Innis,Pirson,151.45.168.142
498,Olvan,Dabels,163.143.206.117
499,Judye,McCorley,165.53.43.235
500,Danica,Jaqueminet,49.122.21.162
501,Leigha,McCadden,213.79.5.157
502,Ahmad,Tandy,137.184.174.14
503,Waring,Treven,124.171.197.200
504,Mile,Bibey,20.173.110.187
505,Randie,Brito,155.84.119.250
506,Caty,Lomaz,162.153.142.75
507,Raeann,Eggers,234.234.171.117
508,Colline,Hart,49.10.90.250
509,Zenia,Teall,210.25.122.1
510,Chet,Finnemore,50.128.217.26
511,Jamie,Lalley,245.240.251.255
512,Padraig,Batsford,79.79.56.179
513,Merrilee,Petrelli,49.195.6.156
514,Davida,Southon,71.145.57.137
515,Dyana,Bissell,18.18.216.146
516,Brannon,Tapin,166.201.3.176
517,Amory,Trillow,113.101.126.176
518,Hedda,Izkovici,31.244.47.51
519,Beverlie,Tourville,186.129.188.194
520,Valle,O' Dornan,56.125.185.176
521,Tomaso,Raddin,31.59.244.242
522,Beret,Offell,139.163.247.44
523,Nicolette,Bartlomieczak,96.253.49.132
524,Cully,Gillespie,47.81.176.188
525,Roobbie,Dory,89.94.13.102
526,Del,Delhay,189.191.50.1
527,Callean,Baelde,7.30.233.38
528,Elston,Feehely,156.97.241.94
529,Bertina,Ride,153.34.114.63
530,Floyd,Timmins,130.115.157.78
531,Marlowe,Cantero,180.71.198.209
532,Bax,Simunek,90.29.78.17
533,Sherwynd,Prestidge,172.212.59.17
534,Theodosia,Vassman,215.28.159.55
535,Dwain,Laurenz,157.113.88.176
536,Kacy,Boykett,4.30.33.190
537,Stefa,Eland,116.242.220.195
538,Tirrell,Waind,147.226.248.40
539,Halsey,Abdy,79.200.138.18
540,Callida,Jobin,20.41.96.75
541,Raymund,Padkin,229.186.42.122
542,Lauritz,Clemetts,159.183.236.88
543,Quintin,Gadsby,128.24.167.124
544,Rudiger,Welburn,217.81.31.223
545,Raymond,Redmain,34.107.9.201
546,Aloisia,Kerin,116.50.47.79
547,Barri,Pethick,55.160.148.216
548,Winna,Achurch,98.239.201.132
549,Gusty,Shimuk,190.164.71.144
550,Trina,Molesworth,17.123.152.60
551,Bing,Daoust,28.186.177.85
552,Tarra,Mitton,238.94.178.145
553,Margaretha,Freebury,192.67.0.90
554,Wiatt,Kinder,2.10.134.6
555,Jennine,Murfill,78.107.183.237
556,Ashia,Rudland,242.103.80.94
557,Porty,Pike,145.37.138.95
558,Dom,Renforth,19.27.250.81
559,Maryjo,Exelby,8.47.54.19
560,Marshall,Pocklington,54.6.211.250
561,Lulita,Frudd,3.62.140.137
562,Candi,China,129.36.65.72
563,Esme,Geratasch,165.136.169.59
564,Aile,Flannery,204.56.157.194
565,Lacey,See,92.172.114.51
566,Delinda,Andreichik,253.245.136.38
567,Elisabeth,Nobes,133.241.225.110
568,Tildie,Labrum,175.105.223.128
569,Leighton,Ferrero,185.63.147.19
570,Shaine,Igounet,151.134.127.45
571,Kari,Benge,248.238.199.20
572,Suki,Marousek,251.147.209.63
573,Phillis,Depport,112.99.149.87
574,Aubry,Saur,169.153.182.3
575,Lucais,Santello,190.120.222.138
576,Andrey,Polkinghorne,77.94.29.86
577,Nelie,Faucherand,71.204.193.159
578,Clio,Curtois,214.137.84.72
579,Sofia,Dayly,198.242.99.155
580,Jacynth,Osanne,49.248.235.177
581,Joana,Skittle,64.66.158.35
582,Barth,Robben,165.100.130.200
583,Thorn,Luetkemeyer,221.69.55.24
584,Arny,Ferebee,224.11.69.230
585,Tobi,Durn,25.181.117.63
586,Heloise,Braunthal,167.247.51.69
587,Jonah,Gillbard,210.224.175.139
588,Karlene,Nunn,117.224.213.254
589,Traver,Beacom,12.166.222.48
590,Arvin,Hauxley,185.66.106.221
591,Blanch,Casserley,32.9.210.97
592,Ruthie,Tribble,168.237.68.86
593,Mac,Orringe,83.15.44.96
594,Vanya,Bowcher,12.88.136.6
595,Gilbertina,Messum,77.43.132.34
596,Kym,Aspell,229.244.211.123
597,Byrom,Longshaw,249.225.223.177
598,Corry,Blevin,24.129.109.190
599,Selestina,Cowdroy,209.34.65.249
600,Bram,Brock,104.130.79.124
601,Archibaldo,Fust,174.114.50.115
602,Veronike,Nathon,33.51.232.172
603,Amie,Demongeot,127.130.215.69
604,Latisha,Mays,12.30.255.94
605,Dickie,Gowlett,252.238.240.18
606,Evan,Sorby,152.165.31.139
607,Priscilla,Kunes,180.87.9.58
608,Guy,Bruyett,139.117.157.7
609,Tasha,Cleverley,213.248.128.246
610,Donnajean,Szachniewicz,210.239.59.156
611,Barth,Marcussen,161.133.177.247
612,Elbertine,Rosenblum,59.239.220.191
613,Kara-lynn,Peasby,165.139.86.166
614,Ange,Di Biagio,251.134.168.209
615,Will,Andrault,144.228.26.164
616,Travers,Chessman,209.45.103.92
617,Hamlin,Floyd,236.207.98.57
618,Guthry,Putton,87.160.83.124
619,Elane,Foyster,193.97.241.174
620,Saudra,Freeborn,86.163.182.7
621,Krissie,Ingold,162.187.9.42
622,Lorita,Juppe,79.23.217.137
623,Tybi,Pinchback,7.244.180.180
624,Meaghan,Josephson,178.47.94.220
625,Gustie,Krinks,77.146.128.86
626,Moises,Fouracres,116.28.198.34
627,Korey,Philip,220.82.159.178
628,Leo,Chichgar,57.242.188.115
629,Jemima,Saphir,176.113.48.111
630,Mallorie,Stodd,94.172.67.129
631,Aprilette,Amdohr,11.55.221.144
632,Justino,Surmeyers,34.11.250.122
633,Sheela,Zanetello,216.74.85.12
634,Aviva,Etches,244.26.156.59
635,Addia,Tennison,62.165.46.83
636,Norina,Brockington,171.66.145.116
637,Edmund,Orneblow,111.234.163.30
638,Odo,Garey,252.187.10.70
639,Kylen,Puller,131.243.119.139
640,Hilarius,St Clair,251.242.209.48
641,Tammi,Woan,89.95.158.98
642,Garald,Prosh,243.212.188.58
643,Bernete,Warbrick,242.173.16.32
644,Stuart,Ferrillio,160.74.4.214
645,Penrod,Patrono,61.228.183.250
646,Esther,Ferie,3.213.87.185
647,Kele,Gemelli,80.66.143.204
648,Durante,Aireton,255.144.108.222
649,Garrik,Crean,129.67.201.238
650,Francklin,Jephson,169.245.22.143
651,Keriann,Gwinnel,233.187.60.44
652,Cordell,Clarke,195.243.255.190
653,Goldina,Depper,92.84.240.239
654,Silva,Halshaw,109.181.103.167
655,Elaina,Portch,83.17.117.152
656,Kingsley,Hurche,12.208.162.131
657,Tristan,Emblin,236.144.1.234
658,Hamid,Kringe,87.241.177.240
659,Karlotte,Giabucci,53.231.132.197
660,Orelle,Capenor,191.221.194.192
661,Antonia,Dawidowitz,198.101.210.25
662,Cori,Abbison,192.79.124.120
663,Mirna,Jefferd,114.24.244.133
664,Pembroke,Seabright,227.113.50.121
665,Melina,Merigon,61.61.211.248
666,Dianna,Lansdale,247.60.159.158
667,Guglielma,Skerman,71.236.54.175
668,Marie-ann,Gerrad,110.226.61.210
669,Matty,Haymes,49.54.103.23
670,Cash,Mattingson,90.230.135.190
671,Finlay,Dederich,173.38.179.27
672,Jarrid,Litster,108.31.181.210
673,Nissie,Cellone,164.6.46.245
674,Ced,Tutsell,203.174.79.146
675,Jerald,Zink,243.52.55.111
676,Mason,Camm,123.141.21.110
677,Dougy,Barff,162.167.132.181
678,Josepha,Beardsell,23.98.242.4
679,Nappy,Taffs,8.249.95.131
680,Joannes,Aidler,128.153.79.254
681,Willey,Ivison,15.59.195.144
682,Vickie,Tice,95.76.14.170
683,Yank,Scrowby,37.2.157.124
684,Eryn,McKeachie,134.252.25.246
685,Kristofer,Cleever,34.94.154.123
686,Ogdon,Emmer,239.12.53.244
687,Norine,Skough,211.109.86.125
688,Cobbie,True,62.96.107.147
689,Lavina,Jeanet,146.185.120.185
690,Gussi,Darco,245.38.44.118
691,Layney,Keitley,201.105.197.115
692,Jasmina,Wilder,177.14.246.148
693,Hasheem,Ibel,192.20.127.71
694,Zane,Disman,238.156.23.219
695,Eadmund,Tredwell,90.109.165.63
696,Nedda,Dowdle,101.109.210.252
697,Abbie,Maslen,77.42.118.166
698,Fredric,Melsom,252.205.106.242
699,Sydney,McCritichie,33.96.65.52
700,Ely,Oakshott,51.145.125.107
701,Thane,Hennemann,51.9.217.251
702,Katha,Farncombe,116.91.224.212
703,Bernete,Crewther,146.121.156.184
704,Darn,Monckton,27.107.236.123
705,Sonya,Reece,226.177.51.195
706,Luciano,Adamczewski,66.240.147.130
707,Aliza,Redford,46.37.69.81
708,Jeri,Petrolli,130.200.49.84
709,Clarence,Haburne,100.121.35.134
710,Oberon,Garvagh,187.93.158.13
711,Kevina,Brignell,164.3.59.0
712,Perkin,Rockhall,1.59.38.88
713,Karrie,Norcock,13.8.192.116
714,Lyndsay,Alexandrou,231.165.198.217
715,Byrom,Atwell,113.91.94.12
716,Izabel,Barehead,131.6.220.108
717,Rosette,Bollin,152.71.245.246
718,Burty,Cater,182.9.140.82
719,Chrysa,Shears,202.145.71.2
720,Torrey,Dewberry,238.77.176.25
721,Serge,Tomasutti,39.45.165.252
722,Lucian,Lindenfeld,93.170.241.95
723,Rik,Ilyas,66.207.94.152
724,Willey,Rotte,18.162.250.223
725,Mar,Yeulet,30.136.198.8
726,Elwyn,Leggon,212.195.0.63
727,Paulita,Pietzner,26.131.33.160
728,Retha,McCrum,21.214.175.199
729,Uriah,Vasyagin,32.219.96.166
730,Becka,Works,178.52.44.106
731,Stepha,Aleksahkin,171.202.145.158
732,Ignaz,Demcik,184.220.44.28
733,Romonda,Nand,230.197.73.10
734,Esme,Willetts,43.4.127.195
735,Ban,Treweke,172.176.4.199
736,Max,Monk,1.112.7.221
737,Bobbe,Mantrup,104.41.6.202
738,Ayn,Petrussi,198.210.39.143
739,Shandie,Bolland,59.143.22.254
740,Thain,Handrock,6.148.136.87
741,Denys,Trobe,166.150.76.135
742,Sosanna,Lamb,19.52.139.73
743,Joyann,Wither,43.253.191.45
744,Cacilia,Wilbraham,173.181.51.255
745,Grover,Rollings,65.153.237.141
746,Willard,Grcic,68.193.202.64
747,Joby,Losano,154.31.212.64
748,Marius,Thackeray,111.196.81.247
749,Isaak,Weinmann,179.122.19.208
750,Kristy,Wraith,146.17.60.217
751,Brandi,Arnott,41.142.238.209
752,Townie,Yegorshin,47.30.185.23
753,Katherine,Pedycan,104.195.83.96
754,Tammy,O'Hegertie,137.102.203.76
755,Ruperto,Poundford,234.177.75.51
756,Gertrude,Baiss,104.94.253.143
757,Pietra,Moncey,227.246.74.128
758,Web,Collop,80.122.121.240
759,Misha,Every,243.93.49.247
760,Arne,Peealess,94.161.188.32
761,Albertine,Heaney`,147.77.219.53
762,Ellery,Millimoe,206.248.68.15
763,Rouvin,Pezey,252.118.222.50
764,Sibyl,Maciak,212.245.195.130
765,Carmelina,Duquesnay,172.17.23.137
766,Christoforo,Medcalf,61.158.166.139
767,Helge,Lupton,142.157.2.10
768,Baxy,Pagitt,110.121.217.48
769,Bernarr,Pedican,188.46.146.57
770,Danny,Swynfen,83.40.211.61
771,Arvie,Sangwine,134.34.145.122
772,Tomi,Matthiae,83.49.87.60
773,Vail,Grenshields,120.122.94.222
774,Danni,Szimoni,46.251.71.210
775,Milena,Grenville,64.86.188.220
776,Ros,Gamett,33.170.16.134
777,Jedediah,Cawthorne,86.21.154.227
778,Brittani,Learoid,72.121.93.221
779,Innis,Rowen,52.169.198.39
780,Aleece,Tattershall,184.94.110.184
781,Amelia,Jenno,221.31.224.209
782,Dunn,Kippen,177.39.113.217
783,Michele,Chatainier,226.236.64.157
784,Kassi,Niche,11.197.23.56
785,Moria,Bancroft,146.210.107.177
786,Jacynth,Nilges,154.208.169.178
787,Patrick,Antcliffe,252.247.243.28
788,Walsh,Goaks,55.91.75.30
789,Brunhilde,Casero,0.48.163.117
790,Leona,Kemble,24.182.178.44
791,Nomi,Yeandel,149.198.251.83
792,Courtney,Weatherup,249.90.196.93
793,Shena,Domingues,92.152.234.216
794,Julio,Stovell,36.231.12.31
795,Baxie,Maillard,24.135.38.87
796,Michaella,Lehemann,242.46.5.40
797,Reggi,Duffett,154.244.94.21
798,Palm,Flores,72.193.203.115
799,Cesar,MacGahey,62.71.60.24
800,Heddie,Bockmaster,60.186.102.233
801,Adolph,Hinkes,18.82.191.176
802,Sheffield,Maseres,81.217.205.209
803,Anestassia,Paprotny,52.155.230.159
804,Myrah,Tabourier,116.159.238.192
805,Hyacinthe,Nix,223.120.194.211
806,Junie,Battison,228.42.239.27
807,Gunther,Kellick,18.50.121.147
808,Leeann,Josefovic,59.94.5.59
809,Sydney,Gullifant,200.101.249.102
810,Carmine,Levens,226.225.235.82
811,Fredericka,Hart,118.65.150.178
812,Sukey,Attree,68.163.64.96
813,Eartha,Ramey,218.0.235.226
814,Rafe,Barter,249.31.64.55
815,York,McNirlan,37.38.109.195
816,Parsifal,Dallosso,165.84.211.94
817,Shannah,Geerdts,242.63.222.254
818,Marietta,Stannah,105.219.173.81
819,Hedwiga,Selwood,45.33.189.160
820,Fairleigh,Screach,6.118.83.127
821,Ailee,Stepney,190.84.43.195
822,Elmo,Raith,225.161.100.93
823,Laird,Bondesen,38.171.218.189
824,Elfreda,Moralis,2.9.108.198
825,Annie,Maus,57.126.204.101
826,Gabriellia,Buist,32.1.149.122
827,Helaina,Leonard,138.33.219.98
828,Kylie,Hebbron,44.210.195.41
829,Berny,Berrie,69.157.52.93
830,Kizzee,Skerritt,58.96.44.95
831,Nilson,Henaughan,192.188.215.232
832,Chicky,Beek,112.177.105.240
833,Chrissy,Clues,246.191.17.17
834,Maxie,Fairholm,66.244.167.232
835,Banky,Saltern,207.181.179.5
836,Freeman,Siely,198.172.121.165
837,Archambault,Yaakov,58.128.40.67
838,Sashenka,Goering,97.15.53.9
839,Leroi,Yerlett,182.142.165.239
840,Beryl,Dillow,192.182.253.151
841,Federica,Gammie,126.69.248.125
842,Rriocard,Renney,23.128.242.39
843,Belia,Old,226.1.19.134
844,Ode,Burtenshaw,78.61.40.118
845,Avivah,Ommanney,23.131.144.15
846,Ruthann,Bristo,199.91.104.50
847,Roland,Kleine,169.195.118.80
848,Eduard,Mountney,73.223.250.15
849,Merralee,Rossey,149.247.168.84
850,Cristen,Harhoff,212.76.134.84
851,Melanie,Giblett,11.110.112.211
852,Whitby,Dowsing,200.34.49.140
853,Culley,Ventura,217.195.129.185
854,Leland,Bogie,172.108.7.0
855,Talya,Turpie,155.216.211.128
856,Arnuad,Merington,118.106.118.140
857,Lanie,Tuckerman,180.105.78.228
858,Erhart,Fautly,204.59.111.162
859,Glenda,Strowger,131.119.104.50
860,Bellanca,Strangwood,110.2.26.126
861,Kellby,Sketch,165.19.214.187
862,Fulton,Mingame,51.78.170.50
863,Ellie,Gress,96.30.130.35
864,Farrand,Barents,38.197.98.234
865,Huntington,MacSorley,59.155.28.225
866,Nahum,Pires,163.49.34.120
867,Huey,MacIlory,209.39.53.45
868,Vonny,Dupre,165.114.183.97
869,Gerrie,Wanek,83.207.149.222
870,Alexei,Dannett,201.180.247.24
871,Bertrand,Rosenberger,97.79.213.184
872,Mattie,Rattrie,44.128.125.208
873,Enos,Collard,31.109.215.107
874,Noble,Atwill,138.220.0.186
875,Angie,Rolles,78.59.59.202
876,Kylen,Coners,195.21.214.59
877,Ruttger,Campey,251.178.253.180
878,Codi,Rockcliff,111.192.89.94
879,Jerrylee,Pursey,14.42.132.177
880,Venus,Plewes,202.171.108.221
881,Cully,Metzel,51.178.68.228
882,Boone,Edgecumbe,198.166.82.87
883,Hobard,De Vile,162.58.51.8
884,Nance,Vaan,171.165.100.53
885,Fabian,Samuels,131.103.29.215
886,Osbourn,Izak,48.239.239.55
887,Jephthah,Russell,71.122.222.253
888,Leontine,Elleyne,188.217.26.51
889,Trudi,Fireman,73.101.171.163
890,Bamby,Soigoux,247.70.22.235
891,Hamish,Castagne,167.178.238.200
892,Mark,Krammer,57.164.140.81
893,Ferdinanda,Donat,97.68.178.100
894,Demott,Temporal,103.141.194.9
895,Louisa,Cossam,224.101.89.1
896,Demott,Surr,27.135.35.148
897,Ula,Husbands,101.215.219.29
898,Napoleon,Bourke,16.26.16.36
899,Tremayne,Pendlenton,149.33.54.151
900,Yardley,Vosper,23.218.180.112
901,Cherida,Soppett,93.34.124.59
902,Booth,Arpin,165.255.199.12
903,Nessy,Smeed,148.133.224.166
904,Kermy,Hug,139.94.44.180
905,Helen,Blacker,90.226.157.0
906,Tamara,McFie,161.0.37.230
907,Rozina,Sheryn,74.12.158.16
908,Shaylah,Rangall,174.2.90.68
909,Cyndi,Quinet,175.29.96.203
910,Didi,Worland,167.47.119.151
911,Vania,Chiene,211.91.211.43
912,Mic,Dufton,222.30.2.218
913,Isiahi,Wyne,40.242.25.147
914,Dukey,Frushard,191.200.115.91
915,Tessa,Pigny,134.73.165.210
916,L;urette,Gerraty,204.72.2.32
917,Esme,Girt,5.80.210.191
918,Caesar,Marler,184.82.2.40
919,Eulalie,Murley,191.192.53.203
920,Isabelle,Dudding,166.15.233.95
921,Lib,Philpott,106.246.233.14
922,Shepperd,Hudel,10.238.147.14
923,Chaddie,Leifer,128.219.248.47
924,Maude,Stolze,217.159.199.8
925,Franciska,Siggs,135.210.209.247
926,Bryana,Nelthorpe,155.20.236.93
927,Annamarie,Cozens,183.198.172.32
928,Crissie,Pinilla,165.246.229.132
929,Abigail,Kopelman,60.149.209.246
930,Violette,Moreno,253.114.47.0
931,Geno,Dabinett,64.232.56.248
932,Korey,Reen,76.170.48.46
933,Tymon,Vannikov,67.4.128.42
934,Bruce,Mechan,156.95.51.167
935,Lira,Valdes,246.48.158.209
936,Ruy,Hardeman,223.222.39.83
937,Neron,Sunner,31.216.120.220
938,Chery,Iorizzi,38.63.129.109
939,Seline,Colclough,198.93.194.57
940,Jacklin,Pickervance,220.43.66.54
941,Moyra,Toman,201.73.250.47
942,Erma,MacCaughey,226.137.109.230
943,Bobbe,Darnbrook,4.190.86.116
944,Gayler,Soan,119.82.206.12
945,Simonne,Stolli,121.82.127.23
946,Frazer,Vowdon,35.194.186.208
947,Stanford,Shimwell,206.20.162.201
948,Fletcher,Hemshall,114.30.91.169
949,Kiah,Beincken,160.44.84.188
950,Remus,Stogill,163.106.235.112
951,Cyrus,Garraway,47.147.165.89
952,Dorisa,Blofeld,8.24.168.83
953,Daune,Clute,65.143.140.114
954,Emelyne,MacEllen,117.140.15.245
955,Winston,Gannon,48.71.170.119
956,Rees,Toler,154.203.14.123
957,Danell,O'Scannill,88.233.153.159
958,Zola,Gadsby,61.221.62.53
959,Doll,Zavattero,34.133.31.1
960,Nevin,Crossman,215.197.65.198
961,Bond,McKerley,156.112.228.110
962,Franklin,Towns,239.102.186.2
963,Vinson,Kemish,82.219.185.144
964,Heloise,Ropking,130.104.147.165
965,Vinita,Gillan,146.253.242.191
966,Moreen,Biesty,254.206.193.11
967,Sissy,Duffan,57.80.195.40
968,Finlay,Norley,144.245.47.72
969,Frederick,Dunsford,115.77.190.163
970,Lois,Desouza,154.28.94.245
971,Allayne,Ciccottini,105.219.117.221
972,Cinda,Lickess,22.233.236.7
973,Dasya,Kermon,12.7.15.87
974,Della,Oldis,230.254.190.23
975,Renault,Scrivin,170.170.67.233
976,Edita,Bobasch,89.195.165.247
977,Etienne,Stallwood,210.254.65.253
978,Berton,Fairfull,225.225.8.211
979,Rubin,Schubart,56.129.195.179
980,Ephrem,Wyer,65.221.206.181
981,Allegra,Roycroft,176.207.160.225
982,Deeanne,Leinster,88.142.95.213
983,Katharyn,Prazor,244.57.48.241
984,Amanda,Demare,89.16.131.139
985,Ricardo,Ferreiro,231.38.247.247
986,Anita,Stickens,227.110.105.120
987,Bert,MacEllen,199.113.87.17
988,Etta,Wharin,135.180.163.87
989,Aloise,Po,105.166.12.24
990,Dickie,Landor,204.177.88.68
991,Tiffy,Lye,157.238.255.36
992,Muffin,Bischop,59.89.41.20
993,Westbrook,Mulloch,214.40.116.187
994,Baxter,Pocklington,171.208.226.50
995,Fayre,Oliphard,136.179.223.191
996,Mycah,Fittes,20.186.111.18
997,Andee,Vermer,103.241.23.28
998,Layla,Meaker,31.222.4.96
999,Janenna,Dunmuir,252.116.253.181
1000,Fanni,Bulcroft,84.27.203.14
