id,first_name,last_name,cost
1,Gilligan,Charette,65.126.120.180
2,Stevie,Rubinowitch,62.20.243.165
3,Noland,Nott,78.88.180.33
4,Shannon,Philbin,148.15.189.2
5,Neysa,Bulfit,172.19.82.55
6,Salem,Cantor,111.120.234.98
7,Sean,Buckleigh,111.2.250.71
8,Ashely,Cordeix,146.93.83.139
9,Aileen,Turvey,34.231.116.15
10,Alvis,Skamal,221.72.188.99
11,Lilah,Flatman,81.94.124.168
12,Symon,Scoon,235.14.165.251
13,Lacee,Zorer,9.132.103.155
14,Jobey,Starsmore,78.25.179.24
15,Wynn,Marchington,217.179.117.49
16,Nikos,Levings,117.44.152.207
17,Rasia,Grahlman,43.215.158.181
18,Anjanette,Hasely,233.84.6.133
19,Bev,Gutans,72.97.46.123
20,Timothy,Seaking,6.3.14.241
21,Yance,Medlar,42.243.152.116
22,Brok,Cutmore,222.219.60.111
23,Hurleigh,Stollwerk,68.198.153.159
24,Ellie,Porson,248.233.42.84
25,Ardith,Huntingford,51.151.41.82
26,Shanon,Asty,6.84.65.6
27,Nat,Nutkin,145.42.221.12
28,Jody,Dyott,51.109.180.47
29,Evin,Crews,187.241.69.219
30,Tabatha,MacColl,111.33.148.246
31,Orelle,Goodwill,114.98.137.153
32,Megen,Liptrod,92.116.78.231
33,Petrina,Shenton,41.53.132.42
34,Correy,Chiddy,254.49.92.110
35,Jeno,Kersting,62.226.77.219
36,Vitia,Fryman,232.182.65.90
37,Chloe,Semper,16.58.23.70
38,Sandy,Rumming,23.144.157.1
39,Jill,Bakhrushin,160.141.248.181
40,Massimo,Hawyes,152.90.76.228
41,Wye,Vanderplas,184.101.182.169
42,Linn,Houlson,111.109.210.191
43,Chloris,O'Hoolahan,51.28.11.124
44,Rudolf,Levey,50.72.247.203
45,Dewie,Atyeo,41.184.33.236
46,Glenna,Lownsbrough,187.31.193.0
47,Nydia,Baser,243.139.130.243
48,Roger,Gabbitis,178.20.212.105
49,Cherry,Edie,25.41.236.231
50,Charlena,Keeltagh,45.112.9.159
51,Hillier,Rickman,132.34.9.244
52,Constanta,Tyrone,69.52.198.71
53,Georas,Amiranda,3.179.69.15
54,Rochelle,Grebbin,187.87.232.100
55,Obidiah,Pauleit,91.253.205.209
56,Moselle,Surphliss,57.28.156.154
57,Gauthier,Provest,19.63.210.155
58,Thorin,Mathiasen,247.64.230.139
59,Jo-anne,Goricke,94.236.6.169
60,Sheila-kathryn,Snozzwell,88.162.32.231
61,Doralynn,Tween,228.6.161.157
62,Gayleen,Mousby,78.25.148.216
63,Phillipe,Asp,88.120.48.47
64,Hasty,Bishop,120.253.97.203
65,Pen,Gillon,97.186.3.132
66,Clare,Challes,214.95.236.41
67,Madlin,Wastie,213.232.40.212
68,Westbrook,Bawden,201.75.62.70
69,Corty,Wodeland,184.31.170.182
70,Herbie,Ehlerding,90.55.83.148
71,Rockwell,Vogl,156.234.241.211
72,Mordy,Snookes,101.109.235.143
73,Waneta,Hollingsbee,106.99.52.79
74,Doll,Ruppelin,169.72.112.164
75,Wenonah,Askie,247.169.98.32
76,Bartholomew,Cheek,50.115.53.156
77,Honor,Tranckle,93.22.147.188
78,L;urette,Fanthom,99.150.198.216
79,Moira,Ruddiman,216.52.148.181
80,Sharla,Geke,94.140.41.100
81,Elinor,Prozillo,62.207.42.75
82,Wakefield,Foskett,172.218.175.191
83,Cherilynn,Chinery,51.3.0.169
84,Jana,Dymoke,167.0.142.239
85,Pernell,Danilov,151.36.107.7
86,Tybalt,O'Deoran,238.158.13.246
87,Kimberly,Usherwood,59.48.116.146
88,Vale,Filipputti,12.84.151.187
89,Margalit,Cash,136.171.210.59
90,Stephi,Daniells,30.172.150.89
91,Richmond,Rattenbury,144.57.123.136
92,Anastasia,Taillant,136.171.222.192
93,Hadley,Bigley,140.27.21.3
94,Jeno,Ainsley,254.21.181.213
95,Ebenezer,Whitrod,78.131.231.4
96,Denyse,Boner,66.11.168.137
97,Frieda,Beardwood,138.199.187.79
98,Francisca,Hugo,14.45.84.232
99,Cristen,Smithend,16.82.66.226
100,Padraig,Shearn,16.94.197.53
101,Keefe,Rowlin,39.90.181.227
102,Bobina,Jedrzejkiewicz,137.53.159.84
103,Keelby,Kirkbright,110.35.20.129
104,Esme,Sargison,158.219.239.57
105,Reinhard,Dumberrill,12.162.19.65
106,Phebe,Rutigliano,70.37.73.67
107,Morna,Studholme,23.78.18.191
108,Bondy,Simonsen,97.233.159.213
109,Gunar,MacNeill,249.85.157.32
110,Corby,O' Ronan,100.12.48.231
111,Paige,Vereker,33.114.197.202
112,Rena,Niesegen,199.88.121.248
113,Tawnya,Glandfield,69.255.165.92
114,Toddie,Ruzek,63.89.139.20
115,Caz,Flintoff,146.33.19.157
116,Shina,Babalola,19.213.69.102
117,Ladonna,Frears,117.176.13.174
118,Cybil,Carlsson,95.246.178.50
119,Frazier,Debnam,242.7.195.117
120,Marcile,Bozier,31.191.15.18
121,Reagan,Peasegood,192.35.138.42
122,Aveline,Lorait,11.19.144.33
123,Francklin,Johnsee,108.19.202.86
124,Peg,Drennan,0.195.21.93
125,Iona,Nenci,70.62.147.255
126,Shirline,Blowes,80.146.97.14
127,Esmaria,Olesen,219.241.137.62
128,Evangeline,Worling,70.176.63.252
129,Phyllida,Newlove,247.30.64.143
130,Lezley,Balsellie,95.44.176.155
131,Sherwin,Moss,118.65.214.169
132,Buddie,Dobrovolski,9.178.189.203
133,Frieda,Goch,38.192.243.31
134,Keri,Whannel,0.51.190.207
135,Maura,Kollaschek,100.152.125.76
136,Briny,Fyall,123.247.96.63
137,Catharine,Kelmere,8.43.245.22
138,Conn,Tethacot,190.247.247.132
139,Hammad,Elrick,131.97.156.209
140,Yves,Heilds,114.243.60.156
141,Gloriane,Medcalf,230.120.31.218
142,Sandy,Garnsey,255.37.199.118
143,Calli,Antliff,189.63.71.234
144,Freeland,Borzoni,131.176.182.100
145,Mechelle,Inkpin,69.108.71.104
146,Mohammed,Grent,157.73.166.141
147,Demeter,Terbeek,156.96.217.198
148,Barnabas,Averies,92.76.76.198
149,Haze,Gilbank,129.36.10.146
150,Norine,Cumberlidge,100.69.45.196
151,Clarine,Pearse,103.83.141.30
152,Doria,Lackey,67.65.101.115
153,Othilie,Ralestone,57.253.4.172
154,Kit,Drowsfield,7.82.115.228
155,Durward,Retchless,75.92.94.173
156,Brigida,Koppe,57.222.58.105
157,Lea,Rabley,234.145.118.213
158,Cissy,Giblett,166.64.118.112
159,Perceval,Brion,38.72.107.5
160,Letizia,Doleman,50.52.251.100
161,Gratiana,Pawson,102.221.36.20
162,De,Seeler,157.92.61.94
163,Kalie,Flucker,196.180.243.98
164,Lurlene,Salzburg,118.139.193.232
165,Arleyne,Mateos,101.0.132.35
166,Vincenz,Reihill,183.231.28.74
167,Lindsey,Keavy,40.168.120.145
168,Meara,Gainsford,25.246.62.237
169,Ainsley,Barton,62.185.117.253
170,Patrice,Bruhke,195.35.179.148
171,Ibby,Flatt,50.255.32.143
172,Northrup,Gussie,34.241.182.0
173,Renae,Garretts,253.155.56.154
174,Aindrea,Bathersby,39.174.23.199
175,Jackelyn,Kuhn,218.65.177.29
176,Linnie,Sturdgess,159.187.134.201
177,Glynis,Gonnet,183.185.181.211
178,Gretal,Theobalds,143.45.198.170
179,Genna,Mathews,10.254.185.228
180,Towny,Cleworth,107.105.11.46
181,Lissa,Colly,238.120.86.63
182,Lissi,Leaf,185.124.233.203
183,Abby,Somerlie,176.36.152.187
184,Margret,Hitter,219.192.89.180
185,Genna,Antham,207.115.90.90
186,Blane,Wink,56.235.136.34
187,Alaster,Algore,28.119.103.144
188,Hally,Juara,255.226.178.219
189,Kat,Knill,111.18.185.236
190,Gardener,Pogosian,104.64.138.148
191,Corbett,Karchewski,108.139.95.36
192,Elwyn,Aldred,99.58.180.115
193,Rosella,Fladgate,147.94.99.132
194,Sibby,Shuttle,114.153.8.59
195,Lee,MacMaykin,212.100.241.142
196,Virge,Gorwood,172.199.226.121
197,Dewie,Buncher,169.110.150.97
198,Farlee,Bagnell,189.164.55.39
199,Bran,Jacobbe,2.232.154.157
200,Lynn,Offer,164.85.8.65
201,Claudelle,Gowlett,203.178.179.240
202,Jacintha,Gratten,42.85.150.206
203,Roxi,Aim,20.185.112.155
204,Murvyn,Peto,161.88.181.83
205,Allyn,McJury,179.187.34.64
206,Maurizia,Sloss,247.17.181.65
207,Cora,Skoughman,44.230.125.143
208,Heywood,Aurelius,187.240.206.28
209,Tripp,Urridge,255.246.229.188
210,Correna,Dandison,1.49.109.241
211,Vanny,Farr,163.221.43.154
212,Kenn,Bullivent,204.138.131.55
213,Jessika,Hadden,65.49.162.81
214,Lolly,Deane,94.59.225.254
215,Levy,Treweke,232.158.83.167
216,Edgardo,McConaghy,225.252.124.29
217,Greggory,Sibray,112.145.81.42
218,Jordan,Muckloe,165.72.34.88
219,Harwell,Akeherst,44.41.52.98
220,Rudiger,McKeachie,248.11.54.255
221,Kristofer,Palfrie,22.250.86.98
222,Lucine,Silley,18.14.51.194
223,Dara,Gerlack,237.28.247.217
224,Banky,Jeanes,119.77.147.133
225,Mikkel,Wisby,139.54.227.79
226,Corbet,Lannen,15.151.253.245
227,Marieann,Antcliffe,78.172.60.157
228,Dante,Whitfield,88.85.19.41
229,Ruben,Hammerton,74.201.239.222
230,Tiena,Sime,115.96.118.234
231,Guglielma,Steart,233.225.68.126
232,Pacorro,Bradnam,228.41.140.22
233,Luz,Kollaschek,173.154.116.60
234,Gus,McCowen,225.86.21.138
235,Hamlen,Sey,83.94.199.152
236,Natalina,Fogg,180.215.212.40
237,Dare,Smalley,101.14.109.179
238,Linnet,Dudney,108.126.245.46
239,Gunner,Mossman,243.167.205.18
240,Olin,Askew,7.252.206.95
241,Rafaelita,Bradford,5.206.187.149
242,Ronny,Roseburgh,195.226.94.215
243,Barth,Wesson,20.158.109.152
244,Durand,Olander,220.66.41.208
245,Sephira,Rodwell,79.16.72.253
246,Danya,Priestman,97.22.147.248
247,Budd,Paradine,187.227.111.223
248,Glynis,Tomowicz,112.57.26.47
249,Mariam,Shillabeer,223.98.85.168
250,Rosene,Knell,15.67.134.115
251,Scotti,Garrelts,36.157.202.226
252,Robinson,Rodenburgh,238.21.22.182
253,Margette,Tandey,243.239.121.84
254,Blondie,Learoid,252.128.73.111
255,Shelley,Roach,186.79.154.94
256,Rora,Twohig,41.204.102.245
257,Annie,Paige,160.214.140.253
258,Beltran,Allender,61.101.162.180
259,Horten,Stagg,79.181.57.181
260,Mindy,Cassar,89.63.23.41
261,Harmony,Bruyns,26.221.59.173
262,Demetre,Hazlehurst,127.72.181.37
263,Gilli,Morgan,159.86.123.35
264,Kitty,Jaffra,57.39.104.50
265,Gus,Penritt,94.186.222.46
266,Bogart,Cunah,212.79.133.68
267,Blinny,Taggerty,120.72.197.42
268,Jacquette,Inkpin,127.243.173.214
269,Muffin,Grills,153.25.103.37
270,Babb,Kytley,255.91.198.244
271,Pietro,Mauchlen,47.231.37.172
272,Alvan,Sutton,226.191.204.156
273,Camel,Currie,142.165.147.225
274,Lonnie,Uccello,186.67.161.127
275,Leonhard,McKevin,27.123.116.222
276,Rob,Pudden,49.168.127.233
277,Dewain,Whittenbury,196.33.253.143
278,Brinn,Fantini,43.140.81.51
279,Kienan,Smewing,157.104.101.109
280,Nonnah,Barday,63.63.93.80
281,Robina,Salway,253.57.226.40
282,Sosanna,Dimbylow,182.81.147.134
283,Izabel,Oakwood,143.224.110.249
284,Frederique,Drakeley,189.75.224.152
285,Tadeas,Dolley,15.216.73.185
286,Orin,Bowld,90.71.50.156
287,Anthe,Jiroudek,222.225.117.32
288,Tracee,O'Teague,151.30.239.46
289,Ariela,Benbough,17.3.232.85
290,Dexter,Davidovitch,240.225.240.217
291,Joly,McNeil,160.191.127.49
292,Veronika,Hellard,59.103.49.77
293,Sam,Proback,128.171.94.120
294,Almeda,Couche,95.163.64.145
295,Klara,Giacomozzo,174.157.153.222
296,Blisse,Winchcum,127.16.156.152
297,Vinny,Waghorn,26.128.141.41
298,Livia,Ranaghan,79.25.136.249
299,Alicia,Dalgarnocht,237.107.239.213
300,Quintana,Amsden,161.183.171.199
301,Hedi,Luby,172.233.115.24
302,Wilbur,Lounds,79.156.253.93
303,Becky,Dreus,28.167.48.38
304,Robinet,Cattlemull,96.93.21.170
305,Danit,Iskowitz,14.248.4.30
306,Gabriel,Beckingham,22.156.186.211
307,Dru,Pawle,44.8.76.119
308,Zitella,Firminger,242.123.58.246
309,Terrill,Pinckstone,16.173.159.33
310,Garrett,MacQueen,190.38.70.102
311,Daffi,Kilshaw,55.18.194.99
312,Morissa,Fredi,243.106.182.73
313,Gwendolyn,Hamley,170.150.51.124
314,Enoch,Ren,218.103.35.128
315,Claudell,Shortland,206.32.176.197
316,Cam,Daffern,173.152.88.15
317,Anallise,Mirams,44.216.151.55
318,Hailey,Meriguet,108.213.233.118
319,Joana,MacQuaker,122.118.140.48
320,Janet,Coey,62.140.108.171
321,Shaylah,Bent,229.117.99.6
322,Hailey,Burness,195.36.198.123
323,Dorolisa,Alpine,182.106.191.112
324,Janis,Eger,244.229.110.246
325,Fayre,Hammond,219.253.135.237
326,Ignacio,Plenderleith,224.46.241.167
327,Sindee,Beaglehole,218.58.248.1
328,Corina,Welchman,25.185.213.180
329,Letizia,Job,174.220.52.59
330,Weylin,Sibthorp,18.251.47.115
331,Kristin,Frascone,60.8.134.205
332,Sigfrid,Allkins,175.136.208.157
333,Alethea,Kellock,243.20.3.7
334,Brucie,Lambregts,166.240.228.45
335,Ingrim,Horbart,96.254.75.244
336,Desirae,Marusic,120.229.55.196
337,Marita,Cobelli,243.157.206.244
338,Rees,Burdge,161.70.58.18
339,Eugenius,Cassar,122.203.112.148
340,Vern,Struys,26.152.13.164
341,Lulu,Robelet,136.67.113.170
342,Alvin,Sent,248.242.187.238
343,Brandtr,Kauffman,211.176.36.233
344,Millie,Marjot,160.220.255.98
345,Coralie,Caveau,10.248.113.43
346,Lottie,Issacson,241.84.152.184
347,Ericka,Drohane,39.103.120.80
348,Rosy,Javes,38.204.10.244
349,Jared,Rubenov,12.23.253.130
350,Brigg,Danjoie,45.66.177.195
351,Marcello,Ledeker,27.172.65.172
352,Rani,Sapwell,189.64.248.75
353,Heidie,MacMurray,120.29.24.242
354,Viki,Yekel,241.50.128.80
355,Beltran,Jako,116.252.86.40
356,Yorke,Coldtart,36.245.203.105
357,Marnia,Drohane,74.179.123.245
358,Hugh,Andric,44.164.50.184
359,Juliane,Phin,107.200.243.209
360,Tammara,Soro,69.136.12.56
361,Karleen,Frayne,14.106.77.48
362,Vassili,Duxbarry,113.78.15.83
363,Timmy,Pharo,196.176.212.8
364,Art,Doogan,181.45.15.18
365,Marina,Ahlin,237.163.68.254
366,Welch,O'Dare,221.183.238.214
367,Pierre,Jouannisson,95.95.58.82
368,Amelina,Streight,114.104.90.27
369,Earl,Gori,75.128.177.209
370,Binni,Plumm,227.101.124.59
371,Orren,Simko,132.124.29.35
372,Kaleb,Dougan,75.42.197.154
373,Alena,Spillard,132.83.99.151
374,Clarie,Raven,104.149.198.234
375,Debor,Swynley,224.100.70.144
376,Jeffy,McNicol,106.157.141.133
377,Steffie,Bellham,231.138.233.209
378,Burton,O'Coskerry,91.55.145.13
379,Belva,Bruinemann,121.77.82.100
380,Truman,Pryke,159.230.90.226
381,Raviv,Sexcey,33.24.205.36
382,Gaspar,Largen,137.44.179.181
383,Harley,Benneyworth,169.7.128.23
384,Leighton,O'Carran,87.132.146.133
385,Aime,Spadotto,238.76.121.74
386,Harlie,Struijs,198.56.117.133
387,Willow,Earwaker,162.114.224.25
388,Elmira,Grene,203.221.251.45
389,Ferdinanda,Ferrea,232.19.161.251
390,Tabbie,Georgiades,64.3.96.83
391,Tandi,Elderidge,238.149.142.35
392,Winnifred,Kavanagh,69.231.39.138
393,Ludvig,O'Suaird,59.188.77.122
394,Daron,Clayden,142.89.72.164
395,Mackenzie,Harbach,25.120.68.232
396,Marice,Giffaut,231.165.5.86
397,Ode,Deboo,99.54.114.121
398,Barnaby,St. Louis,244.27.98.88
399,Malissia,Labrone,42.168.75.97
400,Henri,Jasper,246.65.176.37
401,Chen,Jickells,237.108.220.11
402,Gus,Daice,152.6.231.10
403,Stearn,McWaters,98.218.142.218
404,Roderic,Beseke,70.100.80.69
405,Doll,Kment,182.207.14.109
406,Golda,Van der Hoeven,63.18.2.175
407,Rivy,Forlonge,193.84.69.16
408,Debi,Eblein,200.255.224.197
409,Job,Swainston,179.24.160.34
410,Claire,Rieflin,80.32.206.229
411,Catarina,Tibols,205.30.84.1
412,Rolph,Rawdales,37.246.1.240
413,Cordey,Espy,32.133.226.147
414,Kinsley,Sidon,172.225.3.4
415,Winfield,Whitehouse,14.115.45.153
416,Adriena,Bullent,42.95.255.128
417,Alleyn,Pinnigar,129.103.11.227
418,Dane,Bull,212.149.117.85
419,Beitris,Hub,83.55.202.34
420,Joanie,Hare,128.42.190.223
421,Alyson,Tregian,64.166.228.9
422,Gratiana,Wahlberg,67.69.28.200
423,Hobie,Da Costa,66.138.202.130
424,Waverley,Ferroli,41.130.145.245
425,Haroun,Lassey,220.87.181.210
426,Shannen,Ashpital,244.115.233.14
427,Matilde,Dechelle,86.170.224.194
428,Silvain,Matisse,210.251.90.124
429,Eba,Neward,4.89.236.18
430,Anissa,Dudding,180.144.150.61
431,Fae,Deinhard,88.117.125.158
432,Ollie,Bingle,217.152.144.241
433,Deanne,Bedingfield,158.33.227.43
434,Jemima,Daville,166.131.131.33
435,Westbrooke,Saffin,5.222.212.212
436,Hyacinth,Shears,115.236.192.120
437,Enos,Kirckman,208.229.92.137
438,Dulci,Ullyott,223.182.232.101
439,Willie,Currier,218.79.71.191
440,Martie,Guiton,145.228.252.254
441,Stern,Sansam,47.72.187.166
442,Archibaldo,Bugdale,226.13.250.54
443,Zach,Ruttgers,229.110.69.133
444,Lin,Drysdell,98.62.44.173
445,Emlynn,Di Biagi,144.143.66.105
446,Legra,Edward,242.224.192.55
447,Amby,Fielden,93.233.186.158
448,Norby,Wiseman,106.166.255.133
449,Bianka,Meritt,90.149.109.129
450,Eadith,Dubose,149.65.185.118
451,Henrik,Windsor,132.28.130.116
452,Winona,Bierton,0.58.217.193
453,Elvin,Tustin,110.78.107.208
454,Lizette,Soulsby,17.139.245.103
455,Robenia,Tyres,184.240.198.39
456,Mariquilla,Buckeridge,60.92.88.162
457,Balduin,Attoc,204.86.164.18
458,Lindy,Satchel,241.25.91.2
459,Currie,Itzkowicz,229.64.127.123
460,Ambrosius,Litchmore,75.100.3.164
461,Binky,Haizelden,59.45.178.94
462,Vallie,Tetford,219.101.161.91
463,Jimmie,Extil,148.176.114.56
464,Mahala,Daile,185.13.108.131
465,Olive,Gould,76.24.34.165
466,Eldin,Pycock,192.131.70.74
467,Linnet,Erswell,29.137.79.207
468,Keeley,Ring,110.140.33.67
469,Abe,Brownscombe,252.89.217.87
470,Thea,Stolting,121.71.115.150
471,Keene,Emmanuel,134.33.131.83
472,Tymon,Topliss,80.18.190.208
473,Marty,Blandford,149.227.172.214
474,Brigid,MacFaul,135.106.34.171
475,Hewie,Nerney,135.125.157.113
476,Garreth,Harbach,176.78.188.174
477,Cordy,Vince,33.40.241.96
478,Johannah,Stellino,61.106.104.83
479,Britt,Plaxton,106.124.16.141
480,Winfred,Addey,160.48.46.81
481,Gus,Ziemke,120.136.192.221
482,Gonzalo,Rosenwasser,73.10.179.205
483,Javier,Bims,211.138.53.60
484,Jose,Vakhrushev,137.81.74.152
485,Jordanna,Evensden,89.221.84.164
486,Constantino,Staniforth,125.173.148.171
487,Cassie,Leary,80.196.46.34
488,Pip,MacPherson,62.234.24.245
489,Jaimie,Gater,147.110.139.136
490,Elijah,Bonallick,4.189.197.120
491,Ansell,Sexstone,120.60.39.168
492,Dimitry,Denzey,222.225.220.119
493,Enrichetta,Truluck,203.251.71.10
494,Felicia,Tenpenny,148.202.47.18
495,Leopold,Pitney,174.10.53.234
496,Maxim,Girogetti,177.174.186.175
497,Jacquenetta,Stolting,140.253.220.224
498,Dot,Gymlett,169.149.151.149
499,Spike,Beszant,193.37.191.74
500,Lorettalorna,Tousey,158.96.193.90
501,Joe,Ivanyutin,149.72.191.29
502,Estell,Fellgett,113.140.190.232
503,Ryann,Avory,151.18.123.166
504,Kyle,Moine,79.183.215.242
505,Happy,Lazer,195.19.123.117
506,Isabelita,Rorke,41.60.76.236
507,Denice,Purseglove,19.254.38.82
508,Estrellita,Queree,8.102.17.79
509,Alix,Hallowes,15.241.84.134
510,Michale,Folliott,182.99.165.154
511,Jourdan,Geare,90.171.192.51
512,Eugen,Moger,223.40.254.178
513,Sharyl,Meysham,163.83.176.80
514,Thorin,Bassilashvili,112.17.55.33
515,Riannon,Suttling,100.58.223.214
516,Sara-ann,Inworth,2.54.41.125
517,Nevsa,Moneti,43.38.114.240
518,Adlai,Lysaght,175.86.145.127
519,Floyd,Ashelford,8.160.16.63
520,Lelah,Sidsaff,66.106.54.102
521,Rudie,Brito,182.34.184.227
522,Elke,Cobello,63.66.195.161
523,Gaile,Riach,21.9.97.174
524,Alan,Chopping,7.200.38.252
525,William,Kitchin,7.55.141.201
526,Sibyl,Nelthorp,129.147.185.97
527,Perceval,Slemming,150.194.57.80
528,Flori,Reade,157.178.246.164
529,Rodie,Sinclar,70.217.91.104
530,Johnette,Coggen,9.218.234.43
531,Norah,Flowers,138.138.251.214
532,Jeth,Onion,251.95.252.213
533,Fabian,Blakes,26.172.53.110
534,Kit,Deackes,41.151.203.236
535,Sharon,Dishman,72.149.248.173
536,Lucilia,Serck,111.254.253.161
537,Osbourne,Seeds,229.143.25.123
538,Beret,Poulsom,60.195.31.3
539,Kirbie,Bartoloma,113.157.200.154
540,Kariotta,Bodimeade,219.218.147.195
541,Bogey,Ashburne,183.110.113.151
542,Kally,Benny,153.35.222.61
543,Rockwell,Primrose,192.221.229.121
544,Julee,Dalliston,61.211.8.179
545,Micheil,Ivanyukov,167.187.81.160
546,Willy,Elcoat,29.225.127.29
547,Lusa,Blaes,125.251.224.91
548,Barth,Paul,225.88.237.242
549,Tracie,Dungate,30.149.252.139
550,Vincent,Kubicka,125.169.219.231
551,Olenka,Buddington,204.158.98.202
552,Elston,Pieters,173.49.211.76
553,Delila,Oppie,40.139.90.98
554,Erica,Wykes,245.61.159.142
555,Perle,Shortland,210.41.113.29
556,Donalt,Pacheco,190.136.1.99
557,Alfreda,Dunstan,99.245.102.97
558,Ashien,Shank,85.173.60.59
559,Berkly,McHenry,123.45.20.81
560,Edvard,Goodnow,141.48.60.106
561,Merla,Gaynor,42.105.232.58
562,Selig,Cuphus,22.160.148.89
563,Jennilee,Yorkston,155.42.188.207
564,Madelina,Looks,161.135.203.183
565,Tamar,Faires,184.218.58.231
566,Franky,Caldaro,34.11.209.0
567,Vonni,Paulson,43.226.233.201
568,Haroun,Bestwick,247.116.96.75
569,Robinson,Castanone,186.119.58.96
570,Lois,Baggally,199.92.173.67
571,Merralee,Goldsack,82.32.0.40
572,Tibold,Nussen,195.217.19.210
573,Ollie,Dunkerton,228.81.0.17
574,Hastings,Brun,199.145.231.217
575,Ambros,Ginie,142.93.248.190
576,Ravid,Lawly,164.191.143.105
577,Cinnamon,McGurgan,222.209.240.144
578,Pippo,Tanti,107.201.245.115
579,Scottie,Ilchuk,106.57.144.239
580,Benny,Woolger,71.192.100.86
581,Janene,McKinnon,48.28.32.32
582,Johannes,Btham,107.118.190.98
583,Lydie,Kohtler,71.152.22.183
584,Egan,Lehrmann,199.107.249.168
585,Pauletta,Barok,227.40.117.84
586,Claudie,Cathrae,136.53.207.95
587,Auroora,Pawelczyk,125.231.125.110
588,Avril,Gricks,21.155.180.9
589,Keir,Lockner,116.244.210.9
590,Melania,MacGuffog,74.101.4.16
591,Alexandre,Lapides,33.120.121.76
592,Humfried,Gane,195.164.127.17
593,Stafani,Lafee,65.29.139.88
594,Yasmin,Vasyushkhin,237.212.180.48
595,Sally,Danielis,81.78.65.169
596,Nicholas,Booeln,233.54.204.121
597,Ninnette,Louw,52.74.211.11
598,Helene,Saket,173.231.103.54
599,Cirillo,Dunlap,47.173.75.221
600,Tallou,Batistelli,74.206.15.21
601,Harriott,Proffitt,201.25.106.96
602,Dot,Colaton,198.13.50.113
603,Viv,MacLaren,191.74.67.94
604,Cynde,Gilmartin,179.120.28.25
605,Joana,Merkle,74.131.13.218
606,Kellen,Alam,238.77.248.13
607,Nye,Kwietek,99.32.23.227
608,June,Newey,35.108.243.39
609,Valerye,Kopta,100.174.3.153
610,Harland,Shepley,137.7.73.146
611,Dedra,Pringley,150.151.79.125
612,Glad,Hilldrop,146.95.13.188
613,Eva,Rain,56.5.130.170
614,Kerr,Hatry,115.205.44.89
615,Frasier,Florence,27.132.181.220
616,Nataline,Weth,73.100.53.4
617,Nicolas,Stride,113.0.118.147
618,Nicol,Fern,60.45.62.46
619,Hulda,Hunnywell,96.115.66.52
620,Daphne,Ware,194.190.202.81
621,Barbra,Jarrel,208.196.135.79
622,Padgett,McIllrick,252.32.32.205
623,Alaric,Foulds,236.136.62.4
624,Sadye,McLevie,61.99.201.24
625,Rhianon,Meneely,157.128.74.139
626,Bertie,Crumley,14.208.107.161
627,Curtis,Jenner,182.140.130.35
628,Miranda,Bazylets,99.2.243.143
629,Bernhard,Guiot,16.55.132.113
630,Stormie,Hayselden,65.199.183.190
631,Huntington,Bletso,187.47.178.13
632,Granny,Estevez,233.46.91.216
633,Gertruda,Tuting,72.192.192.157
634,Demetris,Olenchikov,29.98.202.38
635,Isidor,Mulvey,245.240.94.47
636,Dosi,Robjohns,153.77.90.56
637,Sean,Dumini,157.221.117.28
638,Gardner,Shale,128.181.30.127
639,Tim,Drysdell,52.202.244.197
640,Jan,Malley,78.207.166.228
641,Port,Ceyssen,205.208.59.208
642,Filip,Leach,64.195.102.165
643,Sheba,Ker,128.242.178.209
644,Mozelle,Aspey,67.204.143.173
645,Sidonnie,Flood,180.151.150.171
646,Mariska,Caswall,153.241.240.125
647,Ody,Gleave,82.42.15.46
648,Shaun,Gouldthorpe,165.174.43.245
649,Clarita,Beccero,197.245.13.35
650,Terry,Castagnaro,205.58.16.169
651,Beatrisa,Jonah,167.114.167.234
652,Beverie,Melmeth,126.247.60.173
653,Elise,Powney,205.69.41.137
654,Haskell,Gook,93.208.108.254
655,Zandra,Ketley,251.171.118.163
656,Kerwinn,Trahar,240.10.158.163
657,Trudey,Westmacott,222.28.212.109
658,Marcella,Riseborough,130.198.2.11
659,Jenica,Godbolt,149.5.17.33
660,Keane,Sanchis,48.114.193.176
661,Daloris,O'Fogarty,255.56.14.91
662,Ediva,Rose,0.188.73.232
663,Erin,Lovelock,25.229.229.91
664,Bambi,O'Donnell,156.5.56.173
665,Stephan,Arkill,225.165.183.64
666,Dalli,Tellwright,34.59.209.101
667,Hana,Drakeley,131.147.172.145
668,Aurore,Stichall,18.111.240.14
669,Katherine,Lutzmann,191.233.183.68
670,Rhett,Benford,70.63.67.196
671,Coletta,Dyneley,146.180.152.90
672,Sholom,Levi,82.235.204.134
673,Greer,Deinhardt,145.87.137.203
674,Otha,Suatt,63.238.107.11
675,Derk,Falconar,142.175.208.22
676,Eada,Bertin,178.149.128.84
677,Robbert,Caruth,125.29.190.124
678,Courtnay,Phil,106.89.208.171
679,Nananne,Pabelik,27.4.138.37
680,Corey,Matuszkiewicz,180.180.206.177
681,Maureene,Goldfinch,55.100.31.194
682,Carmon,Rouff,4.28.73.171
683,Burgess,Utton,197.22.73.61
684,Renato,Bundy,121.145.250.240
685,Barnabas,Gillbard,8.194.122.161
686,Aloysia,Tedorenko,237.156.68.160
687,Jeffie,Zorzutti,10.38.33.188
688,Sheba,Alentyev,250.93.175.55
689,Barnaby,Dimmack,164.75.214.209
690,Herold,Girdler,98.244.190.92
691,Helene,Pottiphar,75.36.208.241
692,Tann,Pickburn,69.216.8.239
693,Shannon,Gannicott,13.157.66.28
694,Byron,Jorry,183.30.69.191
695,Bertrando,Aleksandrov,6.174.16.248
696,Isa,Bisley,167.49.47.160
697,Timotheus,McKinna,160.5.160.28
698,Giordano,Height,2.250.42.246
699,Kellina,O'Curneen,1.198.198.81
700,Hayward,Bonnette,106.144.128.246
701,Budd,Gruszczak,31.118.143.106
702,Ripley,Pretley,86.8.229.99
703,Siegfried,Gillmor,240.183.47.5
704,Rikki,Thrower,15.193.66.26
705,Royal,Clelland,189.204.240.237
706,Maryjo,Kivelhan,95.244.96.204
707,Clo,Carayol,229.96.218.6
708,Jenny,Norker,80.76.16.2
709,Baxter,Grewe,50.236.206.206
710,Kimmy,Fealty,224.23.244.13
711,Felicity,Sainte Paul,214.233.45.49
712,Glenden,Bony,249.224.164.165
713,Dewitt,Fluger,98.136.82.154
714,Tanya,Fewlass,181.30.96.159
715,Jobina,Greenig,137.115.49.161
716,Cordey,Vasyutochkin,138.218.23.70
717,Lorin,Cobb,246.122.174.35
718,Fidole,Youll,53.234.82.118
719,Johnathon,Hasloch,73.230.240.230
720,Gae,Woakes,99.247.65.250
721,Edna,Vittori,101.37.185.26
722,Margalo,Wabb,111.231.31.214
723,Matias,Burlingame,49.126.215.35
724,Sonja,Dreger,192.188.3.223
725,Anthiathia,Alvarado,229.180.255.85
726,Bambi,Corcoran,153.80.220.158
727,Paige,Kuna,250.28.163.231
728,Burlie,Blencowe,6.235.12.41
729,Trstram,Pettifer,197.159.76.154
730,Idell,Masurel,37.81.190.39
731,Pincas,Ikins,192.83.43.175
732,Brenn,Gutsell,14.53.75.118
733,Germaine,Davenhill,6.224.185.98
734,Christie,Capaldo,130.103.163.97
735,Cliff,Corday,178.66.247.194
736,Kynthia,Garford,245.56.216.87
737,Larry,Milmoe,183.207.110.236
738,Anastassia,Kalb,25.114.250.146
739,Leupold,Stather,117.117.113.213
740,Rani,Dauby,217.84.152.240
741,Kalila,Arnaudot,197.198.72.41
742,Jeramey,Fielden,109.127.221.103
743,Tonnie,Zimmermanns,157.31.217.118
744,Dani,Dibbert,79.230.27.171
745,Nonie,Panton,220.152.101.218
746,Broddy,Luckwell,175.47.44.41
747,Charissa,Christofor,133.25.8.140
748,Marika,Metham,34.1.65.50
749,Lanie,McKirdy,244.232.16.249
750,Isahella,Sergent,125.0.148.205
751,Beck,Dutton,147.121.124.111
752,Brittaney,MacTimpany,216.193.108.90
753,Cort,Antoniou,166.0.46.133
754,Eulalie,Chaddock,186.22.43.234
755,Bernard,Seneschal,35.189.24.170
756,Prue,Josefsen,50.36.65.178
757,Chad,Itzcovich,58.126.143.183
758,Silvio,Burd,156.64.233.188
759,Ula,Feldhorn,239.179.60.91
760,Celesta,Ennew,125.53.174.208
761,Maura,Chaloner,67.122.231.130
762,Sammie,Greensitt,180.81.246.56
763,Adria,Waddams,100.135.68.245
764,Deerdre,Alvares,134.77.28.238
765,Salomo,Klousner,181.26.181.59
766,Jacki,Bastide,18.239.196.27
767,Ingelbert,Boxhill,89.120.54.210
768,Roarke,McConaghy,92.4.125.211
769,Evelin,Dudderidge,155.140.141.128
770,Burke,Sleath,245.220.116.63
771,Hermon,Werrilow,124.129.174.195
772,Cora,Batson,222.5.26.38
773,Mycah,Franklin,245.64.76.182
774,Sunny,McLuckie,216.22.83.143
775,Millie,Tarling,47.163.206.163
776,Esme,Frankham,241.170.188.176
777,Abramo,Kirkbride,82.160.3.205
778,Ruddie,McLafferty,250.9.90.28
779,Somerset,Gyppes,251.125.37.221
780,Ashly,Gouldsmith,26.111.37.149
781,Huey,Woolforde,224.2.40.205
782,Andrea,Floweth,166.164.247.187
783,Denney,Bisterfeld,255.8.228.56
784,Janey,Beinisch,63.44.84.110
785,Erie,O'Kinedy,40.94.125.236
786,Morton,Ladewig,188.176.127.29
787,Delphine,Lanfear,5.251.134.27
788,Raffaello,Buffin,124.209.82.91
789,Aundrea,Challace,32.161.134.65
790,Jeremiah,Gierke,75.48.37.188
791,Aaren,Petren,192.202.49.213
792,Rowen,Budgey,164.228.15.37
793,Niccolo,Munden,152.252.215.153
794,Ario,Hofner,48.61.225.213
795,Jephthah,Measey,214.34.82.241
796,Tuesday,Hanbury,7.180.210.155
797,Fidelia,Landrick,3.74.127.18
798,Derrek,Ackery,14.252.123.187
799,Cecile,Ovid,216.77.233.228
800,Onfroi,Campion,223.74.129.183
801,Marty,Dumingos,183.24.23.53
802,Shae,Brayson,112.242.200.92
803,Maggee,Bertot,228.191.73.121
804,Gill,Poore,179.41.66.135
805,Jessalyn,Yearnes,204.113.73.123
806,Alanson,Philler,179.30.223.192
807,Cary,Seal,9.144.31.101
808,Lynnett,Mahy,72.14.94.9
809,Ginelle,Blunn,179.181.52.200
810,Mira,Bennellick,118.7.238.202
811,Fayre,Hansel,193.63.52.181
812,Papagena,Smails,150.61.131.213
813,Eugenie,Chadney,68.213.20.83
814,Kale,Kovalski,170.213.52.252
815,Lissy,Maase,194.34.166.168
816,Marketa,Blyth,104.249.188.144
817,Zebulen,Johnsee,86.38.105.84
818,Maurizia,MacAndreis,148.195.104.48
819,Durward,Fysh,112.82.200.197
820,Karly,MacGaughie,23.174.47.47
821,Carmella,Matthewson,94.208.49.92
822,Vyky,Fante,13.117.116.81
823,Bourke,Hatto,69.11.192.201
824,Terence,Bowditch,12.20.55.28
825,Zachary,Foort,87.157.124.49
826,Uta,Ruste,194.120.190.255
827,Kittie,Coppins,202.89.230.204
828,Krystal,Deporte,106.213.47.210
829,Nicky,Stoppe,113.245.51.228
830,Willa,Champ,224.77.208.149
831,Daune,Giddens,135.135.233.72
832,Michaelina,MacMichael,181.28.83.117
833,El,Mattia,125.149.23.239
834,Hurlee,Boch,138.176.145.174
835,Gratiana,Danaher,210.48.170.117
836,Ker,Jery,114.207.169.218
837,Bartram,Seston,130.5.196.79
838,Felic,Schirok,6.154.99.255
839,Lind,Humm,195.47.125.130
840,Normy,Filyakov,252.146.100.54
841,Franky,Kervin,142.135.202.103
842,Sibbie,Capener,119.197.172.184
843,Sharline,McLenahan,196.240.134.72
844,Stefan,Aronov,121.20.56.238
845,Koressa,Dabner,162.51.225.62
846,Rudiger,Medland,89.185.54.226
847,Manda,Paulmann,237.237.133.195
848,Perla,Bishell,3.149.238.214
849,Diahann,Courtenay,4.183.225.16
850,Ricardo,McTurlough,165.217.233.91
851,Cassondra,Forseith,224.235.143.157
852,Ashleigh,Parlot,57.255.38.83
853,Zena,Janoschek,112.66.210.203
854,Ericka,MacCambridge,19.176.115.122
855,Leelah,Ormerod,104.239.35.95
856,Olvan,Budnik,150.95.150.73
857,Carmita,Rodell,23.202.157.156
858,Morgen,Van Der Weedenburg,52.12.142.187
859,Albie,Davoren,117.233.177.124
860,Averill,Wanek,241.57.95.192
861,Dur,Gainsbury,195.139.104.36
862,Bailie,Housaman,9.100.169.112
863,Camille,Petegree,192.228.127.181
864,Georas,Charteris,244.158.250.89
865,Lion,Karlolczak,119.153.9.117
866,Maudie,Okeshott,199.98.35.166
867,Bendicty,Eyes,28.233.190.13
868,Ulrick,Whittam,246.18.74.9
869,Kurtis,McIsaac,39.92.244.248
870,Gwynne,Jeffcock,193.227.36.12
871,Ladonna,Lamerton,2.155.55.64
872,Rollie,Bresnen,85.107.69.111
873,Daisie,Ortmann,65.30.95.151
874,Rey,Hatherell,69.63.205.112
875,Miguel,Chastanet,79.138.93.111
876,Joelly,Toplis,14.131.35.140
877,Staci,Lebreton,171.36.210.214
878,Nickolai,Nussgen,156.255.226.96
879,Berkly,Scorah,220.5.107.100
880,Rosalind,Lates,208.194.180.59
881,Gratiana,Seson,70.76.153.101
882,Annabelle,Lissandri,68.237.22.254
883,Yasmeen,Lum,182.131.206.53
884,Jacques,Hoggan,138.10.209.23
885,Jodi,Pendlington,67.33.110.236
886,Emilee,Pietruszka,102.132.237.3
887,Verina,Djokic,235.214.79.246
888,Genovera,Sier,66.245.143.231
889,Mylo,Hammell,224.215.157.70
890,Ada,Bruin,11.92.107.137
891,Davey,Gorler,175.126.173.139
892,Saunder,Dyshart,85.96.234.48
893,Jacquette,Tremayne,171.55.186.195
894,Theo,Shackle,191.148.106.48
895,Brittaney,Doggerell,196.110.201.122
896,Mady,Huey,7.52.40.125
897,Josie,Sharville,137.154.133.219
898,Morse,Jarry,165.100.179.124
899,Sandi,Merrgan,97.39.4.25
900,Nigel,Beardshall,15.183.20.254
901,Kamillah,Emmanueli,192.24.48.68
902,Fabio,Wreakes,164.41.208.236
903,Porty,Vasnetsov,65.180.225.218
904,Janene,Harsent,136.170.163.41
905,Petey,Shorto,242.47.4.136
906,Camile,Stather,202.88.51.132
907,Bethanne,Buer,135.175.15.205
908,Margarita,Onraet,124.17.187.58
909,Orly,Houseago,176.109.192.175
910,Alphonso,Hastwall,219.29.29.165
911,Leonard,Crayton,130.104.147.244
912,Frazier,Milesap,168.70.237.22
913,Jdavie,Londer,47.181.231.71
914,Halimeda,Clissold,46.180.165.68
915,Kimbra,Birtchnell,34.33.210.26
916,Marys,Fleming,23.217.25.213
917,Tarra,Lindsley,66.92.146.64
918,Cacilia,Roylance,73.9.24.218
919,Allan,Inston,87.251.255.137
920,Saunders,Andre,188.12.83.88
921,Bryn,Torricina,154.109.165.223
922,Gerry,Alti,81.126.244.97
923,Eimile,Botwright,155.172.3.97
924,Pepita,Tooker,10.133.254.165
925,Bernhard,Kibard,174.84.219.24
926,Jehanna,Joburn,191.145.235.203
927,Lolita,Loyns,163.27.142.12
928,Devi,Dwyr,251.140.60.187
929,Daffy,Auckland,17.229.224.22
930,Hughie,Trimble,199.180.38.208
931,Ginnie,Gaitley,30.161.122.51
932,Athena,Emmot,112.84.245.35
933,Phaedra,Voss,96.135.149.152
934,Jordain,Borland,138.232.215.31
935,Erika,Jannasch,76.145.180.41
936,Tyne,Abella,93.125.29.106
937,Dylan,Hellen,132.48.224.176
938,Kylila,Irlam,240.239.217.183
939,Maryellen,Clemoes,124.78.238.118
940,Fedora,Clail,246.190.94.198
941,Vlad,Illesley,206.36.65.209
942,Tonie,Tunaclift,214.153.54.73
943,Vassili,Nabbs,87.140.85.253
944,Tilda,Purkins,254.74.124.188
945,Dari,Pont,150.77.145.153
946,Fitzgerald,Giacoboni,162.252.187.214
947,Denni,Amiable,131.120.101.43
948,Crystal,Petyakov,239.105.123.216
949,Morgan,Bondy,121.25.7.17
950,Allx,Nicol,126.102.151.117
951,Willa,Ogan,159.55.118.7
952,Elana,Giaomozzo,185.81.120.93
953,Winifield,Probbin,23.244.144.146
954,Gusella,Woodcock,39.36.155.110
955,Gerard,Stygall,125.129.105.244
956,Cathryn,Selcraig,33.55.165.90
957,Emmi,Vedmore,122.178.6.217
958,Paola,Holton,159.95.79.41
959,Shaun,Runcie,206.106.246.89
960,Dodie,Maddy,177.254.251.32
961,Oren,Orrom,163.235.31.148
962,Perceval,Lis,112.141.194.93
963,Osmund,Girardez,48.71.65.6
964,Lem,Simek,2.207.26.25
965,Ewart,Summerhayes,211.86.4.73
966,Rosella,Grunnill,180.151.168.193
967,Janith,Playford,242.42.61.217
968,Shepard,Bartusek,154.65.234.11
969,Shirline,Gookes,202.122.86.12
970,Maureene,Burndred,248.212.24.231
971,Port,Hammelberg,237.165.205.101
972,Denni,Gavahan,4.154.189.44
973,Ally,Fancutt,9.249.185.1
974,Pierrette,MacDunleavy,81.213.167.3
975,Row,Kohrding,244.177.14.208
976,Anselm,Dallimore,79.211.173.42
977,Cesaro,Folland,153.95.145.53
978,Esther,Pickersail,84.194.243.15
979,Carlita,Sibthorp,207.197.86.107
980,Westley,Fenne,1.69.255.160
981,Harald,Shard,68.37.227.213
982,Rowland,Darington,106.122.188.9
983,Gerrie,MacNeilly,77.81.36.121
984,Myrah,Millsap,189.96.95.41
985,Leilah,Founds,106.208.162.135
986,Margaret,Reubbens,217.46.133.52
987,Aron,Frisby,1.236.48.21
988,Brit,Haresnape,87.255.225.39
989,Sari,de Copeman,244.187.119.35
990,Doretta,Milan,112.55.88.121
991,Skipper,Blomefield,201.30.211.187
992,Deborah,Radnedge,70.197.103.34
993,Fonz,Siddon,211.255.245.201
994,Golda,Shaudfurth,28.185.50.135
995,Natty,Matushenko,198.141.247.1
996,Bambi,Allsebrook,37.215.62.119
997,Juan,Olenin,27.192.149.189
998,Mirabelle,Dancy,80.81.40.122
999,Everett,Rosas,143.243.107.17
1000,Melessa,Beardsall,41.95.44.75
